player,team,position,age,games,minutes,percentage of team minutes,usage percent,turnover per pocession,free throw attempts,free throw percent,2 point shots attempts,2 point shots percentage,3 point shots attempts,3 point shots percentage,true shooting percentage,points per game,rebounds pergame,true rebound percentage,assists per game,percentage of team assists,steals per game,blocks per game,versatility index
Quincy Acy,Tor,SF,23,7,8.5,15.3,14.9,0.102,8,0.625,9,0.444,5,0.4,0.542,2.7,2.1,14.7,0.6,10.3,0.57,0.43,7.1
Quincy Acy,Sac,SF,23,56,13.9,28.6,9.9,0.16,45,0.667,117,0.496,10,0.2,0.518,2.7,3.6,14.5,0.4,4.5,0.34,0.41,4.5
Steven Adams,Okc,C,20,81,14.6,30.2,11.8,0.225,136,0.581,185,0.503,0,0,0.541,3.3,4.1,15.8,0.5,5.1,0.49,0.7,5.2
Jeff Adrien,Cha,PF,27,25,10.1,20.3,10.8,0.136,25,0.52,40,0.55,0,0,0.559,2.3,3.5,19.7,0.3,4.2,0.28,0.6,5.3
Jeff Adrien,Mil,PF,27,28,25,50.6,19.9,0.101,94,0.67,235,0.515,0,0,0.552,10.9,7.8,17.9,1.1,7.8,0.61,0.75,7.3
Arron Afflalo,Orl,SG,28,73,34.8,71.3,23.4,0.112,336,0.815,711,0.473,300,0.427,0.574,18.2,3.6,5.8,3.4,17,0.48,0.04,7
Alexis Ajinca,Nor,C,25,56,16.8,34.5,16.5,0.184,67,0.836,249,0.546,1,0,0.587,5.9,4.9,17.1,0.7,6.7,0.41,0.82,6.5
Cole Aldrich,Nyk,C,25,46,6.9,14.2,13.4,0.195,30,0.867,61,0.541,0,0,0.62,2,2.8,23.7,0.3,6.6,0.17,0.65,6.9
LaMarcus Aldridge,Por,PF,28,69,36,74.3,29.9,0.072,360,0.822,1408,0.461,15,0.2,0.507,23.2,11.1,16.6,2.6,13.1,0.93,1,9.7
Lavoy Allen,Phi,PF,24,51,18.7,38.3,14.4,0.127,40,0.675,252,0.456,13,0.154,0.465,5.2,5.4,15.7,1.3,10.4,0.43,0.53,7.1
Lavoy Allen,Ind,PF,24,14,7.8,15.7,17.9,0.094,10,0.6,34,0.5,0,0,0.521,2.9,2.4,17.6,0.4,9.4,0.14,0.43,7.2
Ray Allen,Mia,SG,38,73,26.3,54.2,16.9,0.123,116,0.905,234,0.53,309,0.375,0.59,9.6,2.8,6.7,2,11.2,0.74,0.1,5.7
Tony Allen,Mem,SG,32,55,23.1,47.6,20.2,0.162,121,0.628,366,0.527,47,0.234,0.531,9,3.8,9.7,1.7,11.8,1.64,0.35,6.7
Al-Farouq Aminu,Nor,SF,23,80,25.4,52.4,14.4,0.137,137,0.664,446,0.496,48,0.271,0.516,7.2,6.2,14.2,1.4,8.4,1.03,0.46,6.2
Louis Amundson,Nor,PF,31,18,10,20,14.3,0.248,24,0.25,32,0.5,0,0,0.446,2.1,3.1,17.7,0.3,4.8,0.5,0.61,5
Chris Andersen,Mia,C,35,72,19.2,39.5,13.9,0.132,169,0.71,263,0.662,12,0.25,0.683,6.6,5.3,17.2,0.3,2.1,0.44,1.35,4.6
Alan Anderson,Bro,SF,31,78,22.6,46.5,16,0.104,118,0.78,237,0.464,248,0.339,0.525,7.2,2.2,6,1,7.3,0.62,0.14,4.4
James Anderson,Phi,SG,24,80,28.6,59.1,16.1,0.122,106,0.726,366,0.53,351,0.328,0.53,10.1,3.8,7.1,1.9,10.1,0.93,0.35,5.8
Ryan Anderson,Nor,PF,25,22,35.9,72.5,23.1,0.05,62,0.952,190,0.463,164,0.409,0.572,19.8,6.4,10.4,0.8,3.7,0.45,0.32,5.2
Giannis Antetokounmpo,Mil,SF,19,77,24.4,50.4,15.1,0.194,202,0.683,300,0.44,118,0.347,0.518,6.8,4.4,10.3,1.9,12.2,0.78,0.79,6.3
Carmelo Anthony,Nyk,PF,29,77,38.5,79.5,32.6,0.095,541,0.848,1229,0.469,415,0.402,0.561,27.4,8.1,12.3,3.1,15.7,1.25,0.66,9.2
Joel Anthony,Bos,C,31,21,6.9,14.2,9.4,0.065,6,0.333,26,0.385,0,0,0.384,1,1.5,12.2,0.1,2,0.14,0.38,3.1
Pero Antic,Atl,PF,31,50,18.3,37.6,18.8,0.145,66,0.758,123,0.545,171,0.327,0.545,7,4.2,13.2,1.2,10.1,0.38,0.24,7.2
Trevor Ariza,Was,SF,28,77,35.1,71.8,17.9,0.123,193,0.772,411,0.509,442,0.407,0.59,14.4,6.2,10.2,2.5,10.9,1.64,0.26,6.9
Hilton Armstrong,Gol,C,29,15,6.3,12.6,14.9,0.187,16,0.438,19,0.474,0,0,0.48,1.7,3.1,27.2,0.3,7.4,0.27,0.27,7.4
Darrell Arthur,Den,SF,25,68,16.9,35,18.3,0.117,62,0.855,346,0.399,64,0.375,0.459,5.9,3.1,9.9,0.9,8.1,0.57,0.69,6
Omer Asik,Hou,C,27,48,20,41.1,13.9,0.194,126,0.619,190,0.532,0,0,0.57,5.8,7.9,22,0.6,4.1,0.29,0.77,6
D.J. Augustin,Tor,PG,26,10,8,14.9,20.3,0.253,6,1,13,0.462,11,0.091,0.394,2.1,0.4,2.9,1,18.9,0.1,0,4.7
D.J. Augustin,Chi,PG,26,61,30.2,61.9,22.7,0.128,221,0.882,373,0.426,321,0.411,0.574,14.9,2.1,3.9,5,29.6,0.85,0.05,7.1
Gustavo Ayon,Atl,C,28,26,16.3,33.2,15,0.207,20,0.4,102,0.51,0,0,0.505,4.3,4.8,17.1,1.1,10.2,0.96,0.38,6.9
Jeff Ayres,San,PF,26,73,12.9,26.7,12.6,0.241,55,0.691,174,0.58,0,0,0.605,3.3,3.5,15.4,0.8,8.7,0.18,0.34,6.5
Chris Babb,Bos,SG,23,14,9.2,18.9,11.4,0.091,0,0,3,0.667,27,0.222,0.367,1.6,1.2,7.5,0.2,3.3,0.43,0,3.2
Luke Babbitt,Nor,PF,24,27,17.4,35.2,17.1,0.085,18,0.778,59,0.407,95,0.379,0.525,6.3,3.3,10.9,1.1,9.5,0.26,0.41,6.5
Leandro Barbosa,Pho,PG,31,20,18.1,37.2,20.3,0.114,39,0.795,106,0.462,25,0.28,0.506,7.5,1.9,5.7,1.6,13.6,0.35,0.2,6.3
Jose Barea,Min,PG,29,79,18.4,38.1,24.1,0.15,100,0.79,425,0.426,231,0.316,0.471,8.4,1.9,5.8,3.8,33.2,0.33,0,8.5
Andrea Bargnani,Nyk,C,28,42,29.7,60.9,22.5,0.096,102,0.824,394,0.487,108,0.278,0.51,13.3,5.3,10.5,1.1,6.2,0.33,1.21,5.7
Harrison Barnes,Gol,SF,21,78,28,58,16.9,0.1,181,0.718,488,0.42,190,0.347,0.487,9.5,4,7.8,1.5,7.7,0.83,0.26,5.5
Matt Barnes,Lac,SF,33,63,27.3,56.6,16.7,0.13,90,0.733,243,0.551,284,0.342,0.552,9.9,4.6,9.4,2,10.7,0.89,0.44,6.6
Will Barton,Por,SG,23,41,9.2,18.9,21.7,0.096,32,0.813,123,0.447,33,0.303,0.488,4,1.8,10.5,0.8,13.7,0.22,0.17,7.8
Brandon Bass,Bos,PF,28,82,27.5,57.1,18.4,0.109,239,0.858,719,0.487,6,0.333,0.549,11.1,5.7,11.9,1.1,6.4,0.44,0.87,6
Shane Battier,Mia,SF,35,73,19.9,41,10.1,0.072,23,0.652,65,0.492,210,0.348,0.523,4.1,1.9,5.9,0.9,6,0.68,0.53,3.8
Nicolas Batum,Por,SF,25,82,35.8,74,16.6,0.187,203,0.803,417,0.566,402,0.361,0.589,13,7.5,11.2,5.1,21.1,0.91,0.7,8.9
Jerryd Bayless,Mem,PG,25,31,20.7,42.5,20.6,0.077,57,0.789,156,0.417,83,0.301,0.473,8.1,1.9,5.4,2.1,15.8,0.65,0.16,6.2
Jerryd Bayless,Bos,PG,25,41,25.1,52,20,0.129,61,0.803,248,0.431,130,0.392,0.514,10.1,2.1,4.7,3.1,20.5,0.95,0.1,6.4
Aron Baynes,San,C,27,53,9,18.7,19.6,0.173,21,0.905,163,0.436,0,0,0.467,3,2.7,17.1,0.6,10.2,0.04,0.09,7.5
Kent Bazemore,Gol,SG,24,44,5.9,12.1,23.9,0.199,36,0.528,58,0.448,39,0.256,0.448,2.3,0.9,8.4,0.5,11.4,0.27,0.14,6.9
Kent Bazemore,Lal,SG,24,23,27.8,57.6,22.5,0.155,73,0.644,157,0.497,89,0.371,0.543,13.1,3.3,6.4,3.1,18.1,1.35,0.3,7.4
Bradley Beal,Was,SG,20,73,34.5,70.3,24.4,0.094,189,0.788,806,0.426,343,0.402,0.507,17.1,3.7,6.3,3.4,16.2,0.97,0.25,6.9
Michael Beasley,Mia,SF,25,55,14.9,30.6,26.1,0.128,79,0.772,301,0.518,54,0.389,0.559,7.9,3.1,13.2,0.7,8.7,0.42,0.38,6.9
Marco Belinelli,San,SF,27,80,25,51.9,19.1,0.112,131,0.847,402,0.525,293,0.43,0.605,11.4,2.8,6.4,2.2,13.3,0.63,0.09,6.6
Anthony Bennett,Cle,SF,20,52,12.5,25.6,20.7,0.155,69,0.638,172,0.39,53,0.245,0.425,4.2,3,13.3,0.3,4.1,0.4,0.15,5
Patrick Beverley,Hou,SG,25,56,31.1,64,14.9,0.112,102,0.814,226,0.473,255,0.361,0.545,10.2,3.5,6.3,2.7,12.7,1.39,0.41,5.9
Andris Biedrins,Uta,C,27,6,7.3,14.3,5.9,0.355,6,0.167,1,1,0,0,0.412,0.5,2.8,22.3,0,0,0,0,0
Chauncey Billups,Det,SG,37,19,16,32.7,15.3,0.229,12,0.833,31,0.323,48,0.292,0.427,3.8,1.5,5,2.2,19,0.42,0.05,5.8
Bismack Biyombo,Cha,C,21,77,13.7,28.3,9.8,0.179,89,0.517,144,0.611,0,0,0.606,2.9,4.8,19.5,0.1,1.1,0.09,1.12,3.3
DeJuan Blair,Dal,PF,24,78,15.4,31.8,19.8,0.147,121,0.636,391,0.537,2,0,0.557,6.4,4.7,17.7,0.9,9.1,0.77,0.28,7.8
Steve Blake,Lal,PG,33,27,32.8,68.1,15.7,0.222,35,0.8,102,0.353,131,0.397,0.515,9.5,3.8,6.2,7.6,33.2,1.22,0.07,7.9
Steve Blake,Gol,PG,33,28,21.5,43.8,11.3,0.201,8,0.625,41,0.439,79,0.342,0.494,4.4,2,5.1,3.6,22.9,0.71,0.21,5.9
Andray Blatche,Bro,PF,27,73,21.9,45.2,25.8,0.125,221,0.742,620,0.494,54,0.278,0.532,11.2,5.3,14.6,1.5,13,1.03,0.52,8.2
Eric Bledsoe,Pho,PG,24,43,32.8,67.8,25.1,0.178,237,0.772,416,0.517,140,0.357,0.578,17.7,4.7,8,5.5,27.3,1.6,0.33,9.4
Keith Bogans,Bos,SG,33,6,9,18.1,6.8,0.12,3,1,0,0,6,0.5,0.82,2,0.5,3.2,0.5,7.9,0.17,0,3.5
Andrew Bogut,Gol,C,29,67,26.2,54.1,12.5,0.194,64,0.344,375,0.627,0,0,0.61,7.3,10,20.8,1.7,9.4,0.72,1.78,7.6
Matt Bonner,San,PF,33,61,11.1,23,12.4,0.086,12,0.75,66,0.47,98,0.429,0.582,3.2,2.1,10.9,0.5,6.2,0.25,0.18,5.4
Trevor Booker,Was,PF,26,72,21.4,43.6,14.5,0.117,76,0.618,401,0.554,2,0,0.563,6.8,5.3,14.3,0.9,6.4,0.57,0.63,6
Carlos Boozer,Chi,PF,32,76,28,57.6,26.4,0.126,193,0.767,978,0.457,2,0,0.489,13.7,8.3,16.9,1.6,11.1,0.71,0.29,8.1
Chris Bosh,Mia,C,29,79,31.9,65.7,22.8,0.104,272,0.82,735,0.569,219,0.338,0.597,16.2,6.6,13,1.1,5.8,1.01,0.99,6.1
Avery Bradley,Bos,PG,23,60,30.7,63.8,23.4,0.099,112,0.804,625,0.451,200,0.395,0.51,14.9,3.8,7,1.4,8.2,1.05,0.18,5.6
Elton Brand,Atl,PF,34,73,19.2,39.6,14.1,0.138,94,0.649,330,0.542,2,0,0.561,5.7,4.9,14.9,1,8.2,0.55,1.21,6.3
Corey Brewer,Min,SF,27,81,32,66.2,16.6,0.104,227,0.718,596,0.55,211,0.28,0.549,12.3,2.6,4.3,1.7,7.9,1.85,0.37,4.7
Ronnie Brewer,Hou,SF,28,23,6.7,13.6,5.1,0.112,2,0,7,0.286,8,0.125,0.22,0.3,0.6,5.1,0.4,8.5,0.26,0.04,2.5
Aaron Brooks,Hou,PG,29,43,16.5,33.9,20.6,0.153,44,0.841,131,0.382,132,0.409,0.529,7,1.4,4.9,1.9,18.3,0.58,0.14,6.4
Aaron Brooks,Den,PG,29,29,28.8,59.3,20.7,0.162,51,0.902,202,0.431,116,0.362,0.508,11.9,2.7,5,5.2,28,0.93,0.24,7.6
MarShon Brooks,Bos,SG,25,10,7.1,14.5,23.2,0.188,14,0.786,20,0.35,4,0.5,0.514,3.1,1.9,15.2,0.4,8.9,0.1,0.2,7.5
MarShon Brooks,Lal,SG,25,18,12.5,25.8,22.7,0.146,26,0.692,69,0.464,19,0.579,0.578,6.4,1.7,7.1,1.1,14.7,0.67,0.17,7.3
Lorenzo Brown,Phi,SG,23,26,8.4,17.1,20.8,0.149,13,0.692,56,0.411,30,0.1,0.349,2.5,1.1,6.9,1.5,27.5,0.5,0.12,7.6
Shannon Brown,San,SG,28,10,10.1,20.5,17.8,0.2,9,0.778,26,0.308,2,0,0.36,2.3,1.3,7.2,0.5,6.5,0.1,0,4.5
Shannon Brown,Nyk,SG,28,19,7.6,15.3,17.1,0.188,12,0.667,38,0.421,0,0,0.462,2.1,0.8,6.1,0.2,4.2,0.63,0,3.7
Kobe Bryant,Lal,SG,35,6,29.4,60.2,28.8,0.292,21,0.857,57,0.491,16,0.188,0.505,13.8,4.3,7.9,6.3,34.7,1.17,0.17,9.8
Chase Budinger,Min,SF,25,41,18.1,37,16.9,0.081,39,0.821,134,0.433,120,0.35,0.505,6.7,2.5,7.6,0.8,6.3,0.46,0.05,5.2
Reggie Bullock,Lac,SF,22,43,9,18.7,15.7,0.094,9,0.778,48,0.438,73,0.301,0.46,2.7,1.3,7.7,0.3,4.4,0.21,0.02,4.5
Trey Burke,Uta,PG,21,70,32.1,66.6,21.9,0.122,113,0.903,561,0.41,336,0.33,0.473,12.8,3,5.3,5.7,29.6,0.59,0.09,7.5
Alec Burks,Uta,SG,22,78,27.9,57.9,24,0.13,373,0.748,688,0.48,143,0.35,0.547,14,3.3,6.8,2.7,17,0.88,0.18,7.2
Caron Butler,Mil,SF,33,34,24,48.8,23.9,0.123,56,0.839,207,0.406,147,0.361,0.494,11,4.6,11.1,1.6,11.9,0.68,0.32,7.2
Caron Butler,Okc,SF,33,22,27,54.9,15.1,0.04,19,0.842,84,0.369,102,0.441,0.548,9.7,3.2,6.7,1.2,6.5,1.09,0.27,4.9
Jimmy Butler,Chi,SG,24,67,38.5,78.9,16.9,0.108,338,0.769,453,0.457,240,0.283,0.522,13.1,4.9,7.3,2.6,11.2,1.88,0.52,5.7
Rasual Butler,Ind,SG,34,50,7.4,15.2,15.8,0.087,14,0.571,48,0.521,62,0.419,0.585,2.7,0.8,6.3,0.3,7.6,0.14,0.18,4.7
Dwight Buycks,Tor,PG,24,14,10.2,19.7,19.7,0.161,9,0.889,31,0.323,17,0.294,0.414,3.1,1.6,9.4,0.7,10.8,0.57,0,5.9
Andrew Bynum,Cle,C,26,24,19.8,39.6,23.6,0.119,42,0.762,203,0.419,0,0,0.456,8.4,5.3,14.9,1.1,9.7,0.25,1.17,7.4
Andrew Bynum,Ind,C,26,2,17.7,30.5,37.6,0.138,7,0.714,22,0.409,0,0,0.459,11.5,9.5,30.2,1,11.5,0,0.5,10.8
Will Bynum,Det,PG,31,56,18.6,38.5,24,0.176,121,0.802,368,0.446,62,0.323,0.502,8.7,1.8,5.2,3.9,33,0.7,0.13,8.5
Nick Calathes,Mem,SG,24,71,16.3,33.7,17.7,0.228,72,0.611,250,0.492,61,0.311,0.506,4.9,1.9,7,2.9,27.1,0.92,0.11,7.4
Jose Calderon,Dal,SG,32,81,30.3,62.6,16.3,0.117,63,0.825,323,0.464,425,0.449,0.596,11.4,2.4,4.5,4.7,22.7,0.85,0.14,6.7
Kentavious Caldwell-Pope,Det,SG,20,80,19.6,40.6,14.1,0.054,62,0.758,275,0.447,185,0.319,0.482,5.9,2,5.4,0.7,5.1,0.94,0.15,4.1
Isaiah Canaan,Hou,PG,22,22,11.3,22.8,21.2,0.167,29,0.724,32,0.406,55,0.327,0.506,4.6,1.1,5.4,1,14,0.36,0.18,6.1
DeMarre Carroll,Atl,SF,27,73,31.8,65.8,15.3,0.101,141,0.773,374,0.548,268,0.362,0.575,11.1,5.5,10,1.8,9.1,1.48,0.29,6
Vince Carter,Dal,SG,37,81,24.2,50,23.3,0.107,196,0.821,440,0.418,371,0.394,0.539,11.9,3.5,8.4,2.6,16.6,0.75,0.42,7.9
Michael Carter-Williams,Phi,PG,22,70,34.3,70.7,25.8,0.169,367,0.703,846,0.44,208,0.264,0.48,16.7,6.2,9.8,6.3,30.4,1.84,0.61,10.1
Omri Casspi,Hou,PF,25,71,17.9,36.9,18.5,0.136,122,0.68,234,0.479,176,0.347,0.528,6.9,3.7,11.4,1.3,10.8,0.62,0.2,7.2
Mario Chalmers,Mia,PG,27,73,29.6,61,17.6,0.204,163,0.742,334,0.5,226,0.385,0.567,9.8,2.9,6.2,4.9,24.5,1.63,0.22,7
Tyson Chandler,Nyk,C,31,55,30,61.8,13,0.154,155,0.632,321,0.595,1,0,0.615,8.7,9.6,18.8,1.1,5.6,0.67,1.15,6
Wilson Chandler,Den,SF,26,62,30.7,63.7,19.7,0.089,152,0.724,387,0.478,351,0.348,0.526,13.6,4.7,8.3,1.8,9.4,0.74,0.5,6.3
Josh Childress,Nor,SF,30,4,5.8,10.2,2,1,0,0,0,0,0,0,,0,0.8,7.5,0.5,11.1,0.25,0,0
Dionte Christmas,Pho,SF,27,31,6.2,12.7,18.1,0.076,24,0.75,31,0.419,31,0.29,0.489,2.3,1.2,11.2,0.3,6.1,0.06,0.1,6.1
Earl Clark,Cle,PF,26,45,15.3,31.1,18.2,0.107,24,0.583,124,0.403,116,0.345,0.467,5.2,2.8,10.4,0.4,3.7,0.36,0.42,4.7
Earl Clark,Nyk,PF,26,9,7.6,14.6,18,0.038,10,0.8,15,0.4,6,0.167,0.453,2.6,1.8,13.8,0.2,4.5,0.11,0.67,5.1
Ian Clark,Uta,SG,22,23,7.2,14.8,23.1,0.167,7,0.714,36,0.417,31,0.355,0.485,3,0.8,6.6,0.7,15.3,0.35,0.09,6.6
Victor Claver,Por,SF,25,21,8.6,17.3,14,0.19,11,0.909,24,0.583,18,0.167,0.502,2.2,1.9,11.7,0.6,9.3,0.14,0.14,6.3
Norris Cole,Mia,PG,25,82,24.4,50.3,15.7,0.195,68,0.779,326,0.451,174,0.345,0.497,6.4,2,5,3,18,0.94,0.06,5.5
Jason Collins,Bro,C,35,22,7.7,15.4,9.1,0.214,4,0.75,21,0.524,3,0,0.485,1.1,0.9,6.8,0.2,3.5,0.36,0.05,3
Darren Collison,Lac,PG,26,80,25.7,53.2,19.9,0.143,224,0.857,505,0.501,189,0.376,0.575,11.4,2.4,5.1,3.7,22.1,1.16,0.19,7.3
Nick Collison,Okc,PF,33,81,16.5,34.2,11.7,0.201,93,0.71,224,0.58,17,0.235,0.599,4.2,3.6,12.4,1.3,11,0.37,0.35,6.5
Mike Conley,Mem,PG,26,73,33.3,68.9,24.7,0.115,276,0.815,739,0.484,291,0.361,0.545,17.2,2.9,5.2,6,30.2,1.51,0.18,8
Chris Copeland,Ind,SF,29,41,6.3,12.9,24.4,0.102,14,0.714,38,0.579,79,0.418,0.621,3.7,0.8,7,0.4,13.2,0.07,0.17,6.7
DeMarcus Cousins,Sac,C,23,71,32.2,66.5,32.9,0.147,595,0.726,1184,0.499,7,0,0.555,22.7,11.7,20.5,2.9,18,1.54,1.28,11.4
Allen Crabbe,Por,SG,21,15,6.5,12.9,16.9,0.079,4,0.75,19,0.316,14,0.429,0.475,2.2,0.6,5,0.4,9,0.13,0.07,5
Jamal Crawford,Lac,SG,33,69,30.1,62.5,27.3,0.105,322,0.866,565,0.46,446,0.361,0.556,18.6,2.3,4.2,3.2,17.6,0.86,0.17,6.8
Jordan Crawford,Bos,SG,25,39,30.5,63.2,22.1,0.142,126,0.873,297,0.465,157,0.318,0.526,13.7,3.1,5.7,5.7,31.3,0.87,0.08,8.2
Jordan Crawford,Gol,SG,25,42,15.6,32,27,0.124,43,0.837,205,0.483,128,0.313,0.503,8.4,1.5,5.3,1.4,14.4,0.31,0.05,6.7
Jae Crowder,Dal,SF,23,78,15.9,32.8,13.4,0.113,61,0.754,145,0.552,151,0.331,0.551,4.6,2.5,9.1,0.8,6.8,0.76,0.27,5.3
Dante Cunningham,Min,SF,26,81,20,41.3,15.3,0.074,67,0.567,504,0.47,6,0,0.475,6.3,4.1,11.1,1,7.9,0.77,0.7,5.9
Jared Cunningham,Sac,SG,22,8,7.1,13.8,19.5,0,14,0.929,13,0.308,6,0.167,0.477,3,0.6,5,0.6,13,0.38,0,5.8
Seth Curry,Cle,PG,23,1,8.5,8.7,15.7,0,0,0,2,0,1,1,0.5,3,1,6.6,0,0,2,0,0
Stephen Curry,Gol,PG,25,78,36.3,75,28.4,0.161,348,0.885,768,0.509,615,0.424,0.61,24,4.3,6.4,8.6,40.2,1.65,0.18,10.6
Samuel Dalembert,Dal,C,32,80,20,41.3,15,0.171,137,0.737,376,0.569,1,0,0.605,6.6,6.8,19.5,0.5,3.5,0.51,1.18,5.6
Troy Daniels,Hou,SG,22,5,14.7,27.3,20.2,0.088,0,0,6,0.5,25,0.48,0.677,8.4,0.8,3,1,11.6,0,0,5.1
Luigi Datome,Det,SF,26,34,6.8,14.1,20.7,0.098,10,0.8,58,0.466,39,0.179,0.409,2.4,1.4,10.8,0.3,7.2,0.18,0.03,5.9
Brandon Davies,Phi,PF,22,51,11.1,22.8,14,0.188,53,0.642,118,0.441,10,0.2,0.476,2.8,2.1,10.4,0.5,7.2,0.47,0.16,5.2
Anthony Davis,Nor,C,20,67,35,72.1,25.3,0.083,440,0.791,996,0.522,9,0.222,0.582,20.8,10,16.7,1.6,8,1.33,2.82,7.9
Ed Davis,Mem,PF,24,63,15,30.9,18.1,0.108,89,0.528,290,0.534,0,0,0.542,5.7,4.1,16.3,0.4,4.6,0.27,0.68,5.6
Glen Davis,Orl,PF,28,45,29.9,60.7,21,0.095,114,0.675,502,0.454,10,0.4,0.485,12.1,6.3,11.9,1.6,8.9,1.02,0.49,6.6
Glen Davis,Lac,PF,28,23,13.2,27,15.8,0.157,23,0.783,80,0.488,1,0,0.527,4.2,3,12.7,0.3,3.4,0.52,0.3,4.7
Austin Daye,San,SF,25,14,8,16.4,25.4,0.079,7,0.571,26,0.346,29,0.414,0.499,4.1,1.4,10,0.4,8.2,0.29,0.29,6.6
Nando De Colo,San,SF,26,26,11.3,23.4,18.9,0.17,22,0.818,62,0.516,31,0.323,0.545,4.3,1.7,8.6,1.2,15.5,0.58,0.12,7.3
Nando De Colo,Tor,SF,26,21,9,17.8,19.2,0.176,13,1,38,0.368,22,0.364,0.495,3.1,1.3,8.7,1.6,27.6,0.33,0.14,8.3
Dewayne Dedmon,Phi,C,24,11,13.5,26.4,12.5,0.206,13,0.538,29,0.517,0,0,0.533,3.4,4.5,17.8,0.3,3,0,0.82,4.9
Dewayne Dedmon,Orl,C,24,16,14.4,28.1,13.7,0.13,17,0.765,53,0.434,0,0,0.488,3.7,4.9,19.1,0.1,1.3,0.44,0.81,3.4
Matthew Dellavedova,Cle,SG,23,72,17.5,35.9,13.4,0.159,48,0.792,142,0.458,154,0.37,0.534,4.7,1.7,5.5,2.6,22.2,0.47,0.07,6.3
Luol Deng,Chi,SF,28,23,37.2,74.1,25.2,0.126,124,0.815,292,0.49,62,0.274,0.536,19,6.9,10.5,3.7,18.9,1.04,0.17,8.4
Luol Deng,Cle,SF,28,40,33.7,68.3,20.7,0.088,144,0.771,379,0.451,127,0.315,0.503,14.3,5.1,8.5,2.5,12,0.95,0.13,6.7
DeMar DeRozan,Tor,SG,24,79,38,78,28.2,0.095,630,0.824,1197,0.451,210,0.305,0.532,22.7,4.3,6.7,4,19,1.09,0.35,7.7
Boris Diaw,San,PF,31,79,24.8,51.4,17.1,0.163,92,0.739,468,0.549,112,0.402,0.578,9.1,4.1,9.4,2.8,16.5,0.56,0.41,7.6
Gorgui Dieng,Min,C,24,60,13.4,27.7,17,0.168,93,0.634,226,0.496,1,1,0.534,4.8,5,20.2,0.7,7.3,0.5,0.83,7.6
Toney Douglas,Gol,PG,27,24,10.8,22,17.9,0.152,8,0.625,27,0.481,59,0.322,0.492,3.7,1,5.3,0.8,10.6,0.25,0.08,5.3
Toney Douglas,Mia,PG,27,27,15,30.2,15.8,0.135,26,0.769,61,0.475,43,0.279,0.494,4.2,2.3,9.5,1.8,17.6,0.48,0.11,6.9
Chris Douglas-Roberts,Cha,SF,27,49,20.5,42,14.9,0.111,82,0.805,120,0.5,132,0.386,0.588,6.9,2.4,6.7,1,8,0.59,0.33,5
Goran Dragic,Pho,SG,27,76,34.9,72.4,24.7,0.143,416,0.76,794,0.542,299,0.408,0.604,20.3,3.2,5.2,5.9,28.4,1.37,0.28,8.3
Andre Drummond,Det,C,20,81,32.2,66.7,16.8,0.107,328,0.418,767,0.625,2,0,0.599,13.5,13.2,22.4,0.4,2.2,1.26,1.62,5.2
Jared Dudley,Lac,SF,28,74,23.2,48,13.6,0.106,58,0.655,222,0.518,225,0.36,0.541,6.9,2.2,5.2,1.4,8.7,0.55,0.14,4.8
Tim Duncan,San,C,37,74,29,60.1,25.4,0.132,316,0.731,901,0.493,5,0,0.535,15.1,9.8,19,3,16.2,0.58,1.88,10.5
Mike Dunleavy,Chi,SF,33,82,31.3,64.4,17.2,0.113,164,0.854,450,0.467,324,0.38,0.549,11.3,4.2,7.7,2.3,12.4,0.78,0.56,6.1
Kevin Durant,Okc,SF,25,81,38.4,79.4,33.2,0.122,805,0.873,1197,0.549,491,0.391,0.635,32,7.4,10.9,5.5,26.9,1.27,0.73,11.4
Shane Edwards,Cle,SF,26,2,5.7,7.8,15.6,0.25,0,0,3,0.333,0,0,0.333,1,1,9.8,0,0,0,0,0
Wayne Ellington,Dal,SG,26,45,8.5,17.5,16.8,0.078,11,0.909,67,0.448,59,0.424,0.554,3.2,1,6.5,0.4,7.3,0.36,0.04,5.1
Monta Ellis,Dal,PG,28,82,36.7,75.8,26.2,0.152,430,0.788,1070,0.475,209,0.33,0.532,19,3.6,5.7,5.7,24.9,1.72,0.28,8
Melvin Ely,Nor,C,35,2,13.4,20.4,10.2,0,0,0,6,0.5,0,0,0.5,3,0.5,2.2,0,0,0,0.5,0
Jeremy Evans,Uta,SF,26,66,18.1,37.6,15.5,0.099,75,0.68,330,0.53,2,0,0.549,6.1,4.7,14.9,0.7,6.1,0.64,0.7,6
Reggie Evans,Bro,PF,33,30,13.1,26.5,13.8,0.242,65,0.538,59,0.39,0,0,0.462,2.7,5,22.7,0.2,1.9,0.43,0.07,4.3
Reggie Evans,Sac,PF,33,24,20.7,42,13.3,0.201,65,0.569,91,0.527,0,0,0.556,5.5,7.7,21,0.7,4.8,1,0.04,6
Tyreke Evans,Nor,SF,24,72,28,57.7,27.3,0.145,310,0.771,802,0.461,95,0.221,0.504,14.5,4.7,9.8,5,30.7,1.17,0.29,10
Kenneth Faried,Den,PF,24,80,27,56.1,21.5,0.124,311,0.65,817,0.547,3,0,0.573,13.7,8.5,17,1.2,7.4,0.88,0.86,7.7
Jordan Farmar,Lal,PG,27,41,22.1,45.8,23.5,0.198,59,0.746,204,0.397,160,0.438,0.533,10.1,2.5,6.1,4.9,34.9,0.93,0.2,9
Vitor Faverani,Bos,C,25,37,13,26.9,18.8,0.202,37,0.649,106,0.491,40,0.3,0.505,4.4,3.5,15.1,0.4,5.3,0.38,0.73,5.6
Derrick Favors,Uta,PF,22,73,30,62.1,20.9,0.129,284,0.669,746,0.523,1,0,0.556,13.3,8.7,16.8,1.2,7.3,1.03,1.48,6.9
Carrick Felix,Cle,SG,23,7,5.3,9.5,23.9,0.202,4,0.75,9,0.556,5,0.4,0.603,2.7,0.9,9.1,0.6,19,0,0,8.6
Raymond Felton,Nyk,PG,29,65,30.8,63.5,18.4,0.163,122,0.721,413,0.431,195,0.318,0.476,9.7,3,5.8,5.7,28.6,1.18,0.42,7.1
Landry Fields,Tor,SF,25,30,10.6,21.2,12.6,0.125,22,0.636,62,0.435,5,0,0.443,2.3,2,10.8,0.7,9.5,0.33,0.1,5.6
Derek Fisher,Okc,SG,39,81,17.4,36.1,13.8,0.111,71,0.775,132,0.402,229,0.384,0.542,5.2,1.5,4.9,1.4,11.7,0.86,0.04,5.1
Evan Fournier,Den,SG,21,76,19.5,40.5,20,0.143,123,0.756,307,0.453,237,0.376,0.533,8.4,2.7,7.3,1.5,11.9,0.45,0.09,6.6
Randy Foye,Den,SG,30,81,30.5,63.3,19,0.132,185,0.849,377,0.456,498,0.38,0.558,13.2,2.9,5.1,3.6,17.9,0.83,0.48,6.8
Jamaal Franklin,Mem,SG,22,21,7.5,15.2,14.7,0.2,2,1,28,0.393,11,0.455,0.489,1.9,1.1,8.7,0.3,5.6,0.19,0.1,4.6
Jimmer Fredette,Sac,SG,24,41,11.1,22.8,24.3,0.176,19,0.895,125,0.464,73,0.493,0.584,5.9,1.1,5.6,1.5,24.1,0.34,0.07,7.7
Jimmer Fredette,Chi,SG,24,8,6.7,12.4,29.1,0.118,2,1,18,0.5,11,0.364,0.535,4,0.9,7.4,0.4,11.9,0,0,6.7
Joel Freeland,Por,C,26,52,13.7,28.2,12.7,0.16,29,0.69,159,0.484,2,0,0.501,3.3,4,15.6,0.7,7.2,0.19,0.42,6.1
Channing Frye,Pho,PF,30,82,28,58.1,17.4,0.098,95,0.821,346,0.509,432,0.37,0.555,11.1,5.1,10.2,1.2,6.5,0.73,0.77,5.8
Francisco Garcia,Hou,SF,32,55,19.5,40.2,13.6,0.09,19,0.526,101,0.485,193,0.358,0.521,5.7,2.2,6.3,1.1,8.7,0.49,0.6,4.9
Kevin Garnett,Bro,C,37,54,20.3,41.7,19.1,0.155,47,0.809,353,0.445,3,0,0.467,6.5,6.6,19.5,1.5,12.6,0.81,0.74,7.9
Diante Garrett,Uta,PG,25,71,14.6,30.2,15.3,0.217,12,0.833,169,0.385,96,0.375,0.459,3.5,1.4,5.4,1.7,17.9,0.58,0.07,5.6
Marc Gasol,Mem,C,29,59,33.2,68.5,21.9,0.12,241,0.768,700,0.477,11,0.182,0.526,14.6,7.2,12.8,3.7,17.9,1,1.29,8.8
Pau Gasol,Lal,C,33,60,31.2,64.9,26.5,0.123,254,0.736,871,0.483,14,0.286,0.522,17.4,9.7,16.5,3.4,18.8,0.45,1.53,10.7
Rudy Gay,Tor,SF,27,18,35.3,69.2,30.9,0.136,88,0.773,276,0.391,59,0.373,0.468,19.4,7.4,12.2,2.2,11.5,1.56,1.28,7.7
Rudy Gay,Sac,SF,27,55,34.2,70.4,26.7,0.145,299,0.836,706,0.516,138,0.312,0.567,20.1,5.5,9.1,3.1,16.4,1.22,0.6,8.2
Alonzo Gee,Cle,SF,26,65,15.5,31.8,13.6,0.143,61,0.705,178,0.444,59,0.322,0.489,4,2.3,8.3,0.7,7,0.6,0.23,4.8
Paul George,Ind,SF,23,80,36,74.7,28.4,0.125,464,0.864,861,0.458,500,0.364,0.554,21.7,6.8,10.6,3.5,18,1.89,0.28,8.9
Taj Gibson,Chi,PF,28,82,28.5,58.6,23.1,0.128,281,0.751,889,0.483,7,0,0.524,13,6.8,13.6,1.1,7.4,0.5,1.34,6.5
Manu Ginobili,San,SG,36,68,22.6,46.9,24.9,0.164,188,0.851,369,0.553,258,0.349,0.59,12.3,3,7.5,4.3,29.1,1.03,0.25,9.6
Rudy Gobert,Uta,C,21,45,9.4,19.5,14.5,0.238,65,0.492,74,0.486,0,0,0.507,2.3,3.4,21,0.2,2.5,0.18,0.91,4.9
Ryan Gomes,Okc,SF,31,5,6.7,12.6,12,0.111,0,0,6,0.5,2,0,0.375,1.2,0.8,6.8,0.2,4.2,0,0,3.4
Drew Gooden,Was,C,32,22,17.8,34.6,19.8,0.099,27,0.889,125,0.552,18,0.389,0.591,8.3,5.1,16.7,0.7,6.4,0.45,0.32,7
Archie Goodwin,Pho,SG,19,52,10.1,20.8,19.8,0.187,55,0.673,131,0.542,36,0.139,0.507,3.7,1.7,9.3,0.4,5.8,0.38,0.21,5.4
Ben Gordon,Cha,SG,30,19,14.4,28.7,23.3,0.152,21,0.81,79,0.367,29,0.276,0.422,5.2,1.4,5.6,1.1,12.5,0.53,0.11,5.6
Eric Gordon,Nor,SG,25,64,32,65.9,23.3,0.128,223,0.785,559,0.456,258,0.391,0.54,15.4,2.6,4.7,3.2,16.7,1.17,0.19,6.3
Marcin Gortat,Was,C,29,81,32.6,66.6,18.3,0.118,229,0.686,839,0.541,1,1,0.568,13.2,9.5,16.8,1.7,8.3,0.51,1.49,7.3
Danny Granger,Ind,SF,30,29,22.3,45.9,19.9,0.128,53,0.962,129,0.38,94,0.33,0.491,8.3,3.6,9.1,1.1,8.2,0.31,0.45,5.7
Danny Granger,Lac,SF,30,12,16,32.4,23.1,0.1,14,0.857,50,0.48,34,0.353,0.532,8,2.3,8.1,0.7,6.7,0.25,0.33,5.9
Aaron Gray,Sac,C,29,33,10,20.4,12.4,0.291,18,0.556,57,0.439,1,0,0.455,1.8,3.1,17.7,0.6,8.4,0.3,0.24,6
Danny Green,San,SG,26,68,24.1,49.9,16.8,0.125,63,0.794,187,0.46,318,0.415,0.58,9.1,3.4,7.9,1.5,9,0.96,0.91,6
Draymond Green,Gol,SF,23,82,21.7,44.9,14.9,0.151,123,0.667,294,0.449,165,0.333,0.498,6.2,5,12.5,1.9,12,1.2,0.88,7.2
Gerald Green,Pho,SG,28,82,28.2,58.6,23.8,0.116,230,0.848,496,0.492,510,0.4,0.585,15.8,3.3,6.6,1.5,8.7,0.85,0.52,6.1
Jeff Green,Bos,SF,27,82,34,70.7,23.7,0.111,356,0.795,775,0.448,396,0.341,0.52,16.9,4.6,7.7,1.7,8.4,0.7,0.57,6
Willie Green,Lac,SG,32,55,15.6,32.3,16.5,0.106,34,0.824,150,0.407,121,0.339,0.477,5,1.4,5,0.9,8.4,0.4,0.2,4.7
Blake Griffin,Lac,PF,24,80,35.6,73.9,29.1,0.119,674,0.715,1315,0.537,44,0.273,0.583,24.1,9.5,14.8,3.8,19.2,1.15,0.64,10.7
Jorge Gutierrez,Bro,PG,25,15,16.1,31.7,14.3,0.191,12,0.75,42,0.524,12,0.25,0.523,4.1,1.5,5.5,2,19.7,0.67,0.07,5.7
Jordan Hamilton,Den,SF,23,39,17,35.2,18.9,0.092,31,0.742,125,0.432,129,0.349,0.497,6.8,3.4,10.8,0.9,7.9,0.79,0.33,6.5
Jordan Hamilton,Hou,SF,23,21,16.4,33.3,19,0.134,20,0.85,53,0.434,68,0.368,0.532,6.6,2.9,9.8,0.9,8.1,0.62,0.33,6.3
Justin Hamilton,Mia,C,23,7,9.6,17.8,18,0.119,5,1,11,0.545,9,0.333,0.586,3.7,1,6.6,0,0,0.57,0,0
Tyler Hansbrough,Tor,PF,28,64,15.1,30.9,15.3,0.145,185,0.681,194,0.479,2,0,0.562,4.9,4.5,17.3,0.3,2.7,0.44,0.3,5
Tim Hardaway,Nyk,SG,21,81,22.9,47.4,19.8,0.059,128,0.828,329,0.498,358,0.363,0.554,10.2,1.5,3.8,0.8,5.9,0.53,0.09,4
James Harden,Hou,SG,24,73,37.9,78.2,27.9,0.15,665,0.866,721,0.516,483,0.366,0.618,25.4,4.7,6.9,6.1,27.4,1.56,0.4,9.5
Maurice Harkless,Orl,SF,20,80,24.1,49.5,14.9,0.136,143,0.594,329,0.502,154,0.383,0.542,7.4,3.3,7.7,1,6.5,1.21,0.63,4.8
Josh Harrellson,Det,C,24,32,9.7,20,13.1,0.105,7,0.714,51,0.51,31,0.387,0.547,2.9,2.4,13.3,0.5,7.1,0.19,0.47,6.2
Al Harrington,Was,PF,33,34,14.8,29.5,23,0.133,35,0.771,107,0.449,100,0.34,0.506,6.6,2.4,9.2,0.8,8.8,0.41,0,6.3
Devin Harris,Dal,PG,30,40,20.2,41.5,20.4,0.162,115,0.8,153,0.425,101,0.307,0.517,7.9,2.1,6.1,4.5,31.4,0.7,0.05,8.3
Elias Harris,Lal,SF,24,2,5.4,10.7,4,0,0,0,1,0,0,0,0,0,0.5,4.9,0.5,11.6,0.5,0,0
Manny Harris,Lal,SG,24,9,19.8,40.8,20.6,0.107,12,0.833,50,0.42,20,0.35,0.485,8.1,3.8,10.2,1.2,9.7,0.44,0.11,6.7
Mike Harris,Uta,PF,30,20,11,22.5,17.4,0.131,27,0.963,59,0.492,2,0,0.576,4.2,1.7,8.6,0.3,3.7,0.8,0.35,4.7
Tobias Harris,Orl,PF,21,61,30.2,61.8,22.3,0.087,244,0.807,590,0.508,126,0.254,0.542,14.6,7,13,1.3,7.7,0.67,0.39,6.8
Udonis Haslem,Mia,PF,33,46,14,28.6,14.1,0.127,44,0.568,146,0.507,0,0,0.523,3.8,3.8,17.1,0.3,3.2,0.24,0.33,4.7
Spencer Hawes,Phi,C,25,53,31.2,64.2,19.2,0.159,101,0.782,383,0.478,203,0.399,0.546,13,8.5,14.7,3.3,17.1,0.58,1.26,9.2
Spencer Hawes,Cle,C,25,27,29.6,59.3,20.8,0.145,51,0.784,192,0.479,104,0.452,0.573,13.5,7.7,14.6,2.4,13.6,0.48,1,8.5
Chuck Hayes,Sac,C,30,16,11,22,10.6,0.166,7,0.714,32,0.438,0,0,0.47,2.1,2.9,15.1,0.4,5,0.69,0.13,4.9
Chuck Hayes,Tor,C,30,45,12.6,25.6,10.6,0.197,18,0.833,97,0.433,1,0,0.467,2.2,3.6,16.8,0.6,7.6,0.51,0.22,5.3
Gordon Hayward,Uta,SF,23,77,36.2,75,23.2,0.15,381,0.816,752,0.453,280,0.304,0.52,16.2,5.1,8.1,5.2,24.2,1.43,0.52,8.3
Gerald Henderson,Cha,SG,26,77,31.7,65.3,22.3,0.096,309,0.761,815,0.445,115,0.348,0.507,14,4,7.2,2.6,13.9,0.66,0.42,6.6
Xavier Henry,Lal,SF,22,43,20.9,43.5,23.3,0.119,177,0.655,264,0.439,81,0.346,0.511,10,2.7,6.8,1.2,8.9,1.02,0.16,6.1
John Henson,Mil,PF,23,70,26.3,54.2,20.4,0.137,177,0.514,638,0.539,1,0,0.543,11.1,7.1,15.5,1.6,11,0.59,1.66,7.6
Roy Hibbert,Ind,C,27,81,29.5,61.2,19.5,0.144,269,0.77,749,0.439,5,0.4,0.499,10.8,6.6,12.6,1.1,6.3,0.36,2.23,5.8
J.J. Hickson,Den,PF,25,69,26.8,55.5,20.9,0.14,290,0.517,646,0.514,8,0,0.521,11.8,9.2,18.5,1.4,8.3,0.68,0.74,8
Nene Hilario,Was,PF,31,53,29.2,59.2,24.1,0.141,266,0.583,589,0.506,5,0.2,0.53,14.2,5.5,11,2.9,16.5,1.21,0.91,8.4
George Hill,Ind,PG,27,76,31.8,65.9,14.9,0.118,176,0.807,356,0.497,260,0.365,0.563,10.3,3.7,6.6,3.5,17.2,0.99,0.32,6.4
Jordan Hill,Lal,PF,26,72,20.6,42.9,19.9,0.111,181,0.685,520,0.55,1,0,0.579,9.7,7.4,19.2,0.8,6,0.4,0.9,7.5
Solomon Hill,Ind,SF,22,28,7.9,16.1,11.7,0.232,7,0.857,17,0.588,23,0.304,0.545,1.7,1.5,10.5,0.4,8.2,0.18,0.07,5.1
Kirk Hinrich,Chi,PG,33,73,28.8,59.1,17.4,0.151,125,0.76,377,0.419,242,0.351,0.494,9.1,2.6,5.2,3.9,22.7,1.1,0.36,6.3
Jrue Holiday,Nor,PG,23,34,33.4,68.2,23.4,0.179,63,0.81,377,0.459,77,0.39,0.505,14.3,4.2,7.3,7.9,39.1,1.65,0.35,9.3
Ryan Hollins,Lac,PF,29,61,7.7,16,11.8,0.231,56,0.625,72,0.736,0,0,0.73,2.3,1.5,10.6,0.1,2.4,0.15,0.51,3.6
Al Horford,Atl,C,27,29,32.8,67,24.9,0.123,85,0.682,409,0.572,11,0.364,0.588,18.6,8.4,14.8,2.6,15.1,0.93,1.52,9
Dwight Howard,Hou,C,28,71,33.5,69.3,24.1,0.175,638,0.547,794,0.593,7,0.286,0.6,18.3,12.2,20.2,1.8,9.3,0.85,1.8,8.8
Robbie Hummel,Min,SF,24,53,12.2,25,12.8,0.052,16,0.938,88,0.398,89,0.36,0.492,3.4,2.5,11.1,0.4,5.1,0.32,0.04,4.9
Kris Humphries,Bos,PF,28,69,19.7,41,19.2,0.109,144,0.813,459,0.503,3,0,0.551,8.4,5.9,17.1,1,8.3,0.45,0.88,7.5
Serge Ibaka,Okc,PF,24,81,32.7,67.7,19.9,0.103,199,0.784,918,0.546,60,0.383,0.576,15.1,8.8,15.1,1,5.2,0.48,2.7,6.2
Andre Iguodala,Gol,SF,30,63,32.2,66.4,13.4,0.162,132,0.652,283,0.558,175,0.354,0.57,9.3,4.6,7.9,4.2,18.3,1.51,0.3,7
Ersan Ilyasova,Mil,PF,26,55,26.7,54.7,21.5,0.087,130,0.823,448,0.446,131,0.282,0.486,11.2,6.2,13.4,1.3,8.4,0.84,0.15,6.7
Kyrie Irving,Cle,PG,21,71,35,71.8,28.3,0.121,338,0.861,893,0.458,344,0.358,0.533,20.8,3.6,5.9,6.1,31.9,1.52,0.32,8.8
Jarrett Jack,Cle,PG,30,80,27.9,57.5,17.9,0.148,149,0.839,513,0.435,185,0.341,0.498,9.5,2.8,5.6,4.1,22.9,0.69,0.28,6.8
Reggie Jackson,Okc,PG,23,80,28.2,58.5,22.8,0.146,177,0.893,670,0.476,244,0.34,0.527,13.1,3.9,7.8,4.1,23.3,1.06,0.11,8.4
Stephen Jackson,Lac,SF,35,9,11.7,23.5,14.2,0.178,4,0.5,12,0.417,14,0.071,0.27,1.7,1.1,5.3,0.6,6.3,0.67,0.11,3.6
Damion James,San,G-F,26,5,9.9,19.4,9.9,0.092,2,1,7,0.286,2,0,0.304,1.2,2.4,13.7,0.6,7.6,0,0.2,4.8
LeBron James,Mia,PF,29,77,37.5,77.3,31.2,0.144,585,0.75,1047,0.622,306,0.379,0.649,27.1,6.9,11.6,6.3,32.2,1.57,0.34,11.3
Mike James,Chi,PG,38,11,6.9,13.1,16.4,0.186,2,0,16,0.25,5,0.2,0.251,1,0.6,5.3,1.5,34.8,0.18,0,5.6
Antawn Jamison,Lac,PF,37,22,11.1,22.8,19.9,0.064,25,0.72,51,0.412,41,0.195,0.408,3.8,2.5,12.5,0.3,4.1,0.41,0.14,5.1
Othyus Jeffers,San,SG,28,4,8.3,15.9,8,0,2,0.5,4,0.75,1,0,0.595,1.8,1.5,10.2,0.3,4,0,0,4.5
Othyus Jeffers,Min,G,28,2,6.3,9.6,9.7,0.347,2,1,0,0,1,0,0.532,1,1.5,13,0,0,0,0,0
Al Jefferson,Cha,PF,29,73,34.8,71.6,29.5,0.076,277,0.69,1361,0.512,15,0.2,0.532,21.8,10.8,17.6,2.1,12.9,0.92,1.08,9.1
Richard Jefferson,Uta,SF,33,82,26.8,55.5,17.1,0.115,162,0.741,353,0.484,301,0.409,0.573,10.1,2.7,5.7,1.6,9.7,0.7,0.17,5.3
John Jenkins,Atl,SG,22,13,11.9,23.7,16.1,0.201,4,1,24,0.5,18,0.222,0.457,3.1,1.7,8.2,0.8,10.6,0.08,0.08,5.4
Brandon Jennings,Det,PG,24,80,33.9,70.3,23.5,0.144,321,0.751,678,0.397,457,0.337,0.486,15.5,3.1,4.9,7.6,34.6,1.26,0.1,8.4
Jonas Jerebko,Det,PF,26,64,11.4,23.6,16.3,0.155,59,0.729,134,0.5,74,0.419,0.577,4.2,2.7,13.1,0.6,8,0.33,0.09,6.6
Amir Johnson,Tor,PF,26,77,28.6,58.6,16.5,0.154,143,0.636,546,0.593,66,0.303,0.592,10.4,6.5,13.4,1.5,8.8,0.73,1.14,6.5
Chris Johnson,Bos,SF,23,40,19.5,40.5,14.5,0.086,43,0.86,87,0.483,127,0.339,0.537,6.3,2.4,7,0.8,6.3,0.7,0.1,4.7
James Johnson,Mem,SF,26,52,18.2,37.5,20.2,0.16,90,0.844,221,0.548,87,0.253,0.552,7.4,3.2,10.4,2.1,18.4,0.83,1.1,8.1
Joe Johnson,Bro,SG,32,79,32.4,66.8,22.5,0.098,195,0.815,614,0.489,404,0.401,0.564,15.8,3.4,6.3,2.7,15.2,0.59,0.13,6.5
Orlando Johnson,Ind,SG,24,38,8.8,18.2,16.4,0.116,22,0.773,56,0.464,41,0.195,0.436,2.4,1.3,8.5,0.4,7.4,0.16,0.03,4.9
Orlando Johnson,Sac,SG,24,7,7,13.4,17.8,0.051,4,0.5,11,0.182,6,0.167,0.24,1.3,0.6,4.6,0.6,11.7,0,0.14,4.4
Wesley Johnson,Lal,SF,26,79,28.2,58.6,15.2,0.116,77,0.792,380,0.466,271,0.369,0.522,9.1,4.4,8.4,1.6,8.3,1.09,0.97,5.7
James Jones,Mia,SF,33,20,11.6,23.2,15.8,0.052,11,0.636,14,0.214,54,0.519,0.666,4.9,1.2,6.2,0.5,5.9,0.15,0.2,4.9
Perry Jones,Okc,PF,22,62,12.1,25.1,13,0.095,42,0.667,120,0.508,61,0.361,0.541,3.5,1.8,8.5,0.4,5,0.23,0.31,4.5
Solomon Jones,Orl,PF,29,11,7.5,14.2,11.4,0.096,4,0.5,17,0.353,0,0,0.373,1.3,1.5,10.9,0.2,3.5,0.18,0.18,3.9
Terrence Jones,Hou,PF,22,76,27.1,56.1,18.5,0.082,195,0.605,611,0.581,102,0.304,0.576,12.1,6.9,14.2,1.1,7,0.71,1.3,6.7
DeAndre Jordan,Lac,C,25,82,34.8,72.3,12.4,0.153,374,0.428,515,0.676,0,0,0.63,10.4,13.6,21.7,0.9,3.8,0.98,2.48,5.8
Cory Joseph,San,SG,22,68,13.6,28.1,17.2,0.123,96,0.823,227,0.502,38,0.316,0.558,5,1.6,6.5,1.7,17.5,0.51,0.21,7
Chris Kaman,Lal,C,31,39,18.7,38.9,26.9,0.164,68,0.765,343,0.513,3,0,0.537,10.4,5.9,16.8,1.5,14.3,0.28,1.03,9.7
Enes Kanter,Uta,C,21,80,26.5,55,23.4,0.133,204,0.73,852,0.492,1,0,0.523,12.3,7.5,16.2,0.9,6.4,0.35,0.53,6.6
Sergey Karasev,Cle,SF,20,22,6.9,13.7,14.8,0.218,10,0.9,16,0.5,19,0.211,0.47,1.7,0.7,5.9,0.3,5.8,0.14,0.05,4.1
Ryan Kelly,Lal,PF,22,59,22,45.8,16,0.098,135,0.815,229,0.476,142,0.338,0.548,8,3.7,9,1.6,10.8,0.54,0.76,6.6
Michael Kidd-Gilchrist,Cha,SF,20,62,24,49.3,15.3,0.121,184,0.614,344,0.483,9,0.111,0.516,7.2,5.2,12.3,0.8,5.5,0.69,0.63,5.2
Andrei Kirilenko,Bro,PF,32,45,18.9,38.6,14.8,0.203,119,0.513,155,0.523,5,0.2,0.532,5,3.2,10.3,1.6,13.2,0.89,0.4,6.2
Brandon Knight,Mil,PG,22,72,33.1,68.2,27,0.132,323,0.802,754,0.466,338,0.325,0.523,17.9,3.5,6.1,4.9,26.9,0.96,0.24,8.2
Kyle Korver,Atl,SG,32,71,33.7,69.6,14.3,0.136,94,0.926,217,0.479,392,0.472,0.653,12,4,6.8,2.9,13.4,0.97,0.34,6.2
Kosta Koufos,Mem,C,24,80,16.7,34.5,19.7,0.12,93,0.645,459,0.495,0,0,0.514,6.4,5.2,18.6,0.5,4.7,0.4,0.89,6.1
Doron Lamb,Orl,SG,22,53,12.9,26.3,13.5,0.133,36,0.806,70,0.386,90,0.4,0.543,3.6,0.9,4.1,0.8,9.5,0.21,0.02,4.3
Jeremy Lamb,Okc,SG,21,78,19.5,40.4,20.3,0.086,64,0.797,362,0.483,247,0.356,0.522,8.5,2.4,7,1.5,11.9,0.72,0.33,6.4
Carl Landry,Sac,PF,30,18,12.7,25.7,14.7,0.118,17,0.824,60,0.517,0,0,0.563,4.2,3.2,14,0.3,3.5,0.17,0.06,5
Shane Larkin,Dal,PG,21,48,10,20.5,17.7,0.209,25,0.64,99,0.404,38,0.316,0.446,2.8,0.9,5.1,1.5,20.9,0.54,0.02,6.2
Ty Lawson,Den,PG,26,62,35.7,74,22.8,0.17,406,0.798,603,0.456,202,0.356,0.554,17.6,3.5,5.3,8.8,38.4,1.61,0.16,9.1
Courtney Lee,Bos,SG,28,30,16.6,34.4,19.4,0.115,22,0.818,131,0.511,52,0.442,0.573,7.4,1.6,5.5,1.1,11.1,0.67,0.3,5.7
Courtney Lee,Mem,SG,28,49,29.8,61.4,16.4,0.093,90,0.9,289,0.54,142,0.345,0.574,11,2.8,5.6,1.7,8.8,0.92,0.39,5
David Lee,Gol,PF,30,69,33,68,24.4,0.121,296,0.78,979,0.524,1,0,0.566,18.2,9.3,15.5,2.1,10.9,0.7,0.38,8.6
Alex Len,Pho,C,20,42,8.5,17.5,14.6,0.221,31,0.645,78,0.423,0,0,0.469,2,2.4,15.7,0.1,1.6,0.1,0.43,3.7
Kawhi Leonard,San,SF,22,66,28.9,60,18.5,0.103,126,0.802,463,0.579,182,0.379,0.602,12.8,6.2,12.1,2,10.5,1.73,0.74,7.5
Meyers Leonard,Por,C,21,40,8.7,17.8,14.4,0.13,21,0.762,85,0.482,6,0,0.489,2.5,2.8,17.2,0.5,7.5,0.18,0.13,7
Jon Leuer,Mem,PF,24,49,12.9,26.6,21.5,0.092,47,0.787,197,0.497,49,0.469,0.566,6.2,3.2,14.8,0.4,5.3,0.37,0.27,6.2
Rashard Lewis,Mia,SF,34,60,16,32.8,14.2,0.123,33,0.788,102,0.51,134,0.343,0.535,4.5,1.8,7.2,1,8.6,0.88,0.15,5
Damian Lillard,Por,PG,23,82,35.6,73.6,25.1,0.115,426,0.871,749,0.447,554,0.394,0.569,20.7,3.5,5.3,5.5,25.2,0.78,0.27,8.3
Jeremy Lin,Hou,PG,25,71,28.7,59.3,20.5,0.184,265,0.823,433,0.492,230,0.357,0.571,12.5,2.6,5.1,4.1,22.5,0.94,0.38,7.1
Shaun Livingston,Bro,PG,28,76,25.8,53.1,16.2,0.155,191,0.827,481,0.486,6,0.167,0.551,8.3,3.2,7.5,3.2,20.3,1.22,0.42,6.8
Brook Lopez,Bro,C,25,17,31.2,62,27.2,0.091,115,0.817,228,0.566,1,0,0.629,20.7,6,11.5,0.9,6.1,0.53,1.76,6.2
Robin Lopez,Por,C,25,82,31.5,65.1,14.1,0.101,242,0.818,643,0.552,1,0,0.605,11.1,8.5,14.5,0.9,4.2,0.32,1.7,5.6
Kevin Love,Min,PF,25,77,36.1,74.5,29,0.103,633,0.821,917,0.502,505,0.376,0.591,26.1,12.5,18.9,4.5,21.7,0.77,0.45,12.6
Kyle Lowry,Tor,PG,27,79,36,74,23.1,0.134,385,0.813,580,0.46,500,0.38,0.567,17.9,4.7,7.6,7.4,34.9,1.53,0.19,9.5
John Lucas,Uta,PG,31,42,13.9,28.7,17.2,0.1,16,0.625,106,0.349,84,0.298,0.403,3.8,0.9,3.8,1,11.2,0.33,0,4.3
Shelvin Mack,Atl,PG,24,73,20.2,41.8,19.2,0.144,74,0.865,317,0.464,184,0.337,0.51,7.5,2.2,6.3,3.7,29.1,0.68,0.03,7.8
Ian Mahinmi,Ind,C,27,77,16,33.2,11.5,0.187,145,0.621,188,0.484,1,0,0.538,3.5,3.3,11.7,0.3,3,0.53,0.94,3.8
Shawn Marion,Dal,SF,35,76,31.5,65.1,15.8,0.114,65,0.785,546,0.518,162,0.358,0.537,10.4,6.5,12,1.6,7.6,1.18,0.49,6.1
Kendall Marshall,Lal,PG,22,54,28.7,59.8,16.5,0.256,36,0.528,241,0.411,178,0.399,0.494,8,2.9,5.3,8.8,44.7,0.89,0.07,8.2
Cartier Martin,Chi,SF,29,6,7.8,13.8,10.7,0.093,4,0.5,3,0.667,5,0.6,0.768,2.5,0.8,6.1,0.3,7.1,0.17,0,4.3
Cartier Martin,Atl,SF,29,53,15.3,31.5,17.7,0.104,61,0.754,110,0.455,146,0.384,0.555,5.9,2,7.5,0.6,6.1,0.49,0.13,5
Kenyon Martin,Nyk,PF,36,32,19.6,39.8,11.6,0.166,19,0.579,121,0.521,1,0,0.525,4.3,4.2,12.6,1.6,12.1,0.78,0.84,6.3
Kevin Martin,Min,SG,30,68,31.8,65.6,25.1,0.083,340,0.891,725,0.448,297,0.387,0.554,19.1,3,5.1,1.8,9.5,0.97,0.09,5.9
Roger Mason,Mia,SG,33,25,10.2,20.5,14.7,0.115,7,1,19,0.421,47,0.362,0.536,3,0.9,5.4,0.8,10.8,0.24,0.04,5.1
Wesley Matthews,Por,SG,27,82,33.8,69.7,19.7,0.087,301,0.837,499,0.489,511,0.393,0.588,16.4,3.5,5.6,2.4,11.1,0.93,0.17,6.1
Jason Maxiell,Orl,PF,30,34,14.2,28.6,12.5,0.106,31,0.484,105,0.448,0,0,0.459,3.2,2.5,10.1,0.3,2.8,0.24,0.59,3.8
Eric Maynor,Was,PG,26,23,9.1,17.8,19.4,0.188,3,0.667,47,0.277,25,0.32,0.355,2.3,1,6.6,1.7,27.5,0.22,0.04,6.9
Eric Maynor,Phi,PG,26,8,13.9,26.5,17,0.27,8,0.5,17,0.412,12,0.333,0.461,3.8,1.9,7.3,1.5,15.8,0.5,0.25,6.4
O.J. Mayo,Mil,SG,26,52,25.7,52.7,23.1,0.139,88,0.864,323,0.433,227,0.37,0.516,11.7,2.4,5.4,2.2,14.7,0.54,0.25,6.2
Luc Mbah a Moute,Sac,SF,27,9,21.6,42.1,9.5,0.096,13,0.692,29,0.483,3,0.333,0.53,4.4,3,7.8,1.7,11.2,1,0.56,5.2
Luc Mbah a Moute,Min,PF,27,55,14.5,29.8,11.8,0.163,54,0.685,147,0.469,14,0.214,0.498,3.3,2.2,8.1,0.4,3.7,0.4,0.16,3.9
Ray McCallum,Sac,PG,22,45,19.7,40.6,17.8,0.109,43,0.744,241,0.378,59,0.373,0.439,6.2,1.8,5,2.7,21.2,0.49,0.2,6.3
C.J. McCollum,Por,SG,22,38,12.4,25.3,21.2,0.154,34,0.676,98,0.449,80,0.375,0.521,5.3,1.3,5.5,0.7,8.8,0.37,0.05,5.5
JaVale McGee,Den,C,26,5,15.7,30.8,25.7,0.169,1,1,39,0.436,0,0,0.444,7,3.4,11.7,0.4,4.4,0.2,1.4,5.4
Ben McLemore,Sac,SG,20,82,26.5,54.8,17,0.115,143,0.804,382,0.419,297,0.32,0.485,8.8,2.9,6.1,1,5.9,0.55,0.22,4.4
Josh McRoberts,Cha,PF,26,78,30.1,61.9,13.5,0.121,85,0.729,275,0.516,291,0.361,0.548,8.5,4.8,9,4.3,22.2,0.74,0.59,7.4
Jodie Meeks,Lal,SG,26,77,33,68.7,19.2,0.099,258,0.857,488,0.514,404,0.401,0.601,15.7,2.5,4.1,1.8,8.6,1.44,0.05,5
Gal Mekel,Dal,PG,25,31,9.2,18.9,19.4,0.254,12,0.667,66,0.379,20,0.25,0.4,2.4,0.9,5.4,2,30.8,0.13,0.03,7.1
Khris Middleton,Mil,SF,22,82,29.8,61.4,19.2,0.119,137,0.861,564,0.454,290,0.414,0.541,12.1,3.8,7.3,2.1,11.8,1.01,0.23,6.2
C.J. Miles,Cle,SG,26,51,19.1,38.9,22.3,0.091,75,0.853,198,0.48,211,0.393,0.569,9.9,2,5.9,1,9.2,0.9,0.29,5.7
Andre Miller,Den,SG,37,30,18.8,38.7,14.9,0.167,47,0.745,126,0.452,18,0.5,0.534,5.9,2.4,7,3.3,26.1,0.5,0.23,7.7
Andre Miller,Was,SG,37,28,14.5,28.6,14.3,0.218,30,0.833,84,0.452,3,0.667,0.534,3.8,2,8.2,3.5,34.5,0.68,0.07,8.2
Darius Miller,Nor,SF,23,45,15.8,32.5,13,0.108,36,0.806,89,0.539,77,0.325,0.55,4.4,1.2,4.2,1,8.9,0.51,0.2,4.4
Mike Miller,Mem,SF,33,82,20.6,42.6,14.9,0.141,56,0.821,210,0.505,233,0.459,0.619,7.1,2.5,7.3,1.6,11.5,0.32,0.06,5.9
Quincy Miller,Den,SF,21,52,15,31,17.9,0.146,55,0.709,162,0.395,94,0.319,0.459,4.9,2.8,10.2,0.5,4.9,0.42,0.62,5.1
Patrick Mills,San,PG,25,81,18.7,38.7,22.8,0.081,82,0.89,348,0.5,318,0.425,0.588,10.2,2.1,6.3,1.8,15.5,0.84,0.11,7.2
Paul Millsap,Atl,PF,28,74,33.3,68.9,25.9,0.132,391,0.731,835,0.487,212,0.358,0.545,17.9,8.5,14.7,3.1,16.3,1.74,1.05,9.4
Nazr Mohammed,Chi,C,36,80,6.8,14.1,14.9,0.21,30,0.533,126,0.429,0,0,0.445,1.6,2.2,18.2,0.3,5.9,0.18,0.38,6
Greg Monroe,Det,PF,23,82,32.6,67.5,21.5,0.124,367,0.657,1014,0.497,1,0,0.531,15.2,9.3,15.5,2.1,10.4,1.11,0.57,8.2
E'Twaun Moore,Orl,SG,24,79,18.9,38.8,16.5,0.102,68,0.765,295,0.468,161,0.354,0.513,6.3,1.7,5.2,1.4,12,0.76,0.16,5.2
Darius Morris,Phi,PG,23,12,15.9,31.2,21.1,0.199,21,0.714,43,0.442,24,0.417,0.544,6.9,1.1,3.7,2.6,25.8,0.67,0,6.8
Darius Morris,Lac,PG,23,10,5.2,10.6,13.4,0.126,2,0.5,6,0.667,7,0,0.324,0.9,0.5,5.3,0.5,13,0.2,0,4.7
Darius Morris,Mem,PG,23,5,13,24.5,16.6,0.257,3,0.333,9,0.444,7,0.286,0.433,3,1.6,7.3,1.6,17.7,0.6,0,6.1
Marcus Morris,Pho,SF,24,82,21.8,45.2,20.1,0.116,159,0.761,391,0.483,260,0.381,0.552,9.7,3.9,10,1.1,7.7,0.88,0.22,6.4
Markieff Morris,Pho,PF,24,81,26.4,54.8,23.4,0.129,327,0.792,737,0.512,108,0.315,0.564,13.8,6,12.7,1.8,11,0.84,0.63,8
Anthony Morrow,Nor,SG,28,76,18.6,38.3,19.6,0.084,87,0.828,325,0.462,195,0.451,0.57,8.4,1.8,5.8,0.8,6.8,0.51,0.17,4.9
Donatas Motiejunas,Hou,PF,23,62,15.2,31.3,18.1,0.127,96,0.604,212,0.519,84,0.25,0.504,5.5,3.6,13.3,0.5,5.6,0.32,0.34,5.7
Arnett Moultrie,Phi,PF,23,12,15.4,30.2,10.8,0.148,5,0.8,38,0.421,0,0,0.448,3,2.9,10.3,0.2,1.6,0.67,0.33,3.1
Timofey Mozgov,Den,C,27,82,21.4,44.4,18.9,0.156,260,0.754,521,0.539,24,0.167,0.584,9.4,6.4,16.3,0.8,5.6,0.33,1.22,6.8
Shabazz Muhammad,Min,SG,21,37,7.6,15.6,23.7,0.102,40,0.65,112,0.482,12,0.25,0.505,3.9,1.4,10.2,0.2,3.5,0.22,0.03,5.4
Byron Mullens,Lac,C,24,27,6,12.3,21.7,0.163,6,0.333,25,0.52,39,0.333,0.503,2.5,1.2,11,0.2,5.7,0.22,0.11,5.6
Byron Mullens,Phi,C,24,18,13.5,27.1,21.1,0.116,14,0.571,51,0.529,50,0.4,0.569,6.8,3.3,13.3,0.4,5.6,0.5,0.44,6.2
Toure' Murry,Nyk,SF,24,51,7.1,14.5,23.2,0.189,39,0.59,117,0.436,12,0.417,0.479,2.7,0.9,7.2,1,22.3,0.37,0.02,7.6
Mike Muscala,Atl,C,22,20,10.6,21.4,19.6,0.132,14,1,70,0.443,3,0,0.48,3.8,2.6,14.2,0.4,5.3,0.15,0.5,6
Hamady N'Diaye,Sac,C,27,14,5.1,10.1,7.7,0.241,1,0,9,0.333,0,0,0.318,0.4,1.3,14.3,0.2,5.9,0,0.29,3.7
Steve Nash,Lal,PG,39,15,20.6,42.7,19.1,0.229,24,0.917,70,0.4,24,0.333,0.488,6.8,1.9,5,5.7,40.8,0.47,0.13,8.1
Gary Neal,Mil,SG,29,30,20,40.6,25.6,0.115,54,0.833,166,0.41,111,0.36,0.5,10,1.7,4.8,1.5,13.6,0.23,0,5.9
Gary Neal,Cha,SG,29,22,22.9,45.7,22.2,0.104,51,0.961,125,0.456,69,0.406,0.571,11.2,1.8,4.5,1.7,12.7,0.5,0,5.7
Nemanja Nedovic,Gol,SG,22,24,5.7,11.6,17.8,0.234,8,0.875,21,0.238,18,0.167,0.306,1.1,0.6,6,0.5,12.5,0,0.04,4.8
Jameer Nelson,Orl,PG,31,68,31.9,65.4,20.2,0.173,112,0.857,356,0.444,391,0.348,0.515,12.1,3.4,6,7,35.3,0.76,0.07,8.3
Andrew Nicholson,Orl,PF,24,76,15.2,31.3,19.5,0.103,57,0.825,331,0.459,89,0.315,0.489,5.7,3.4,12.5,0.3,3.6,0.24,0.3,4.7
Joakim Noah,Chi,C,28,80,35,72.1,18.8,0.17,335,0.737,798,0.476,2,0,0.531,12.6,11.3,18.3,5.4,26.6,1.24,1.54,10.5
Steve Novak,Tor,PF,30,54,9.8,20,13.2,0.033,6,1,24,0.333,122,0.426,0.599,3.3,1.1,6.4,0.2,3.9,0.22,0.07,3.7
Dirk Nowitzki,Dal,PF,35,80,32.7,67.5,27,0.076,376,0.899,943,0.531,329,0.398,0.603,21.7,6.2,11,2.7,14.3,0.91,0.56,8.7
James Nunnally,Atl,SF,23,4,13.5,24.4,20,0.168,4,0.75,8,0.375,10,0.3,0.455,4.5,2,8.6,0.5,5.6,0.25,0.25,4.9
James Nunnally,Phi,SF,23,9,12.1,23.4,12.9,0.09,5,0.6,13,0.308,15,0.333,0.43,2.9,1.2,5.4,0.7,7.9,0.56,0.11,4.4
Jermaine O'Neal,Gol,PF,35,44,19.9,40.8,18,0.145,132,0.75,248,0.504,0,0,0.57,7.9,5.5,15.1,0.6,4.3,0.32,0.93,6
Kyle O'Quinn,Orl,C,23,69,17,34.8,18.9,0.161,83,0.687,368,0.505,3,0,0.526,6.2,5.3,17.6,1.1,11.1,0.57,1.28,7.8
Greg Oden,Mia,C,26,23,9,18.2,16.4,0.169,23,0.565,49,0.551,0,0,0.567,2.9,2.3,16.3,0,0.7,0.3,0.57,0
Victor Oladipo,Orl,PG,21,80,30.9,63.5,24.6,0.192,318,0.78,710,0.448,226,0.327,0.514,13.8,4.1,7.5,4.1,22.1,1.61,0.46,8
Kelly Olynyk,Bos,C,22,70,19.8,41.1,21.1,0.16,122,0.811,388,0.5,113,0.354,0.547,8.7,5.2,14.9,1.6,13.3,0.5,0.39,8.4
Arinze Onuaku,Nor,PF,26,3,8.3,13.9,10.7,0.17,2,0.5,4,0.25,0,0,0.307,1,2.3,16.4,1,16.3,0,0,6.4
Daniel Orton,Phi,C,23,22,11.2,22.6,13.5,0.23,30,0.767,47,0.447,0,0,0.54,3,2.8,13.4,0.7,8.7,0.27,0.73,6.4
Travis Outlaw,Sac,SF,29,63,16.7,34.5,15.7,0.069,52,0.808,209,0.426,117,0.35,0.492,5.4,2.7,9,0.8,7.1,0.32,0.3,5.4
Zaza Pachulia,Mil,C,29,53,24.8,50.8,17.2,0.185,130,0.846,348,0.428,1,0,0.502,7.7,6.3,14.5,2.6,16.5,0.85,0.26,8.1
Jannero Pargo,Cha,PG,34,29,8.1,16.4,29.2,0.175,11,0.727,58,0.483,60,0.4,0.554,4.7,0.7,4.8,1.8,42,0.48,0.03,8.9
Tony Parker,San,PG,31,68,29.2,60.5,26.7,0.129,243,0.811,847,0.509,67,0.373,0.555,16.7,2.3,4.4,5.7,32.1,0.53,0.13,8.3
Chandler Parsons,Hou,SF,25,74,37.4,77.2,19.5,0.117,221,0.742,636,0.528,351,0.37,0.565,16.6,5.5,8.2,4,17.4,1.19,0.39,7.6
Patrick Patterson,Sac,PF,24,17,24.1,48.5,15.6,0.11,16,0.563,83,0.494,39,0.231,0.457,6.9,5.8,13.6,0.9,5.7,0.76,0.18,5.5
Patrick Patterson,Tor,PF,24,48,23.1,47,18,0.111,55,0.745,255,0.506,112,0.411,0.559,9.1,5.1,12.8,1.3,9.6,0.88,0.71,6.8
Chris Paul,Lac,PG,28,62,34.8,72.2,23.9,0.124,345,0.855,658,0.498,212,0.368,0.58,19.1,4.3,6.9,10.7,49.2,2.48,0.06,11
Nikola Pekovic,Min,C,28,54,30.6,62.9,23,0.094,249,0.747,701,0.541,0,0,0.582,17.5,8.7,15.4,0.9,5.2,0.56,0.43,6.7
Kendrick Perkins,Okc,C,29,62,19.3,39.8,11.7,0.289,67,0.552,192,0.453,2,0,0.472,3.4,4.9,14.4,1.1,7.7,0.42,0.52,5.5
Paul Pierce,Bro,SF,36,75,27.8,57.2,22.6,0.153,310,0.826,412,0.507,300,0.373,0.595,13.5,4.6,10,2.4,14.7,1.15,0.41,7.6
Mason Plumlee,Bro,PF,23,70,18,37.1,17.3,0.166,195,0.626,299,0.666,3,0,0.67,7.4,4.4,14.6,0.9,8.2,0.7,0.79,6.9
Miles Plumlee,Pho,C,25,80,24.3,50.5,16.3,0.154,132,0.561,553,0.517,0,0,0.529,8.1,7.8,18.1,0.5,3.4,0.63,1.13,5.2
Quincy Pondexter,Mem,SG,25,15,17.8,35.9,18.2,0.142,26,0.808,45,0.444,34,0.324,0.52,6.3,1.7,5.8,1.4,11.7,0.33,0.07,5.5
Otto Porter,Was,SF,20,37,8.4,16.8,16,0.127,12,0.667,70,0.414,21,0.19,0.405,2.1,1.5,10.6,0.3,4.7,0.22,0.03,4.7
Josh Powell,Hou,F,31,1,19.2,24.6,16,0.143,0,0,6,0.333,0,0,0.333,4,5,14.5,0,0,0,1,0
Phil Pressey,Bos,PG,22,75,14.9,31,14.3,0.242,45,0.644,147,0.34,106,0.264,0.39,2.8,1.4,5.3,3.2,31.1,0.91,0.07,6.2
Ronnie Price,Orl,SG,30,31,12,24,15.2,0.21,13,0.692,49,0.388,43,0.209,0.379,2.4,1.4,6.6,2.1,26.1,0.81,0.06,6.4
Pablo Prigioni,Nyk,PG,36,66,19.2,39.6,9.4,0.234,12,0.917,51,0.451,140,0.464,0.642,3.8,2,6,3.5,25.9,1.02,0.03,6.2
Tayshaun Prince,Mem,SF,33,76,25.4,52.6,13.4,0.073,60,0.567,423,0.426,69,0.29,0.438,6,3.1,7.2,1.6,9,0.51,0.25,4.9
Miroslav Raduljica,Mil,C,26,48,9.5,19.5,17.7,0.157,55,0.818,126,0.54,0,0,0.603,3.8,2.3,13.6,0.5,8.5,0.15,0.27,6.9
Anthony Randolph,Den,PF,24,43,12.1,24.9,20,0.16,69,0.754,114,0.439,61,0.295,0.502,4.8,2.8,12.6,0.7,9.3,0.6,0.44,7
Shavlik Randolph,Pho,PF,30,14,6.6,13.4,11.4,0.21,11,0.545,14,0.5,0,0,0.531,1.4,1.8,15.2,0.1,1.5,0.21,0.07,3.8
Zach Randolph,Mem,PF,32,79,34,70.5,26.3,0.12,337,0.742,1178,0.474,20,0.1,0.51,17.4,10.1,17.5,2.5,12.8,0.68,0.29,8.9
J.J. Redick,Lac,SG,29,35,28,57.8,21.9,0.086,106,0.915,213,0.507,185,0.395,0.598,15.2,2.1,4.2,2.3,13,0.8,0.09,6
Glen Rice,Was,SG,23,11,9.7,17.6,20.8,0.183,7,0.714,20,0.3,17,0.294,0.399,2.9,1.8,10.9,0.6,9.6,0.55,0.09,6
Luke Ridnour,Mil,PG,32,36,21,42.7,16.4,0.168,19,0.684,151,0.391,68,0.368,0.453,5.7,1.7,4.7,3.4,25.8,0.64,0.06,6.1
Luke Ridnour,Cha,PG,32,25,15,30,16.2,0.153,7,0.571,68,0.441,40,0.3,0.45,4,1.4,5.3,2.2,22.7,0.36,0.24,6.2
Austin Rivers,Nor,SG,21,69,19.2,39.6,21.5,0.123,173,0.636,375,0.416,99,0.364,0.482,7.7,1.9,5.7,2.3,19,0.65,0.13,6.7
Andre Roberson,Okc,PF,22,40,9.8,20.2,10.3,0.208,10,0.7,55,0.564,13,0.154,0.518,1.9,2.4,13.5,0.4,5.3,0.48,0.25,5
Brian Roberts,Nor,PG,28,72,22.9,47.3,20.2,0.13,133,0.94,402,0.448,178,0.36,0.53,9.4,1.9,4.8,3.3,22.5,0.6,0.1,6.8
Nate Robinson,Den,PG,29,44,19.7,40.7,23.5,0.121,85,0.835,229,0.463,154,0.377,0.544,10.4,1.8,5,2.5,21.3,0.82,0.09,7.3
Thomas Robinson,Por,PF,22,70,12.3,25.3,20.1,0.144,101,0.564,293,0.481,1,0,0.501,4.8,4.4,19.3,0.5,6.2,0.33,0.29,7.1
Rajon Rondo,Bos,PG,27,30,33.1,68.5,21.4,0.209,67,0.627,260,0.442,90,0.289,0.461,11.7,5.5,9.4,9.8,48,1.33,0.07,10.4
Derrick Rose,Chi,PG,25,10,31,58.4,31.6,0.16,32,0.844,117,0.359,47,0.34,0.446,15.9,3.2,5.9,4.3,26.4,0.5,0.1,7.8
Terrence Ross,Tor,SG,22,81,26.5,54.4,18.7,0.1,98,0.837,343,0.458,408,0.395,0.553,10.9,3.1,6.9,1,6.1,0.79,0.33,4.9
Ricky Rubio,Min,PG,23,82,32,66,16.5,0.218,283,0.802,537,0.393,133,0.331,0.491,9.5,4.2,7.1,8.6,38,2.32,0.13,8.8
Brandon Rush,Uta,SG,28,38,10.8,22.2,12.5,0.178,5,0.6,43,0.326,47,0.34,0.428,2.1,1.2,6.2,0.6,8.7,0.13,0.24,4.3
Robert Sacre,Lal,C,24,65,16.5,34.4,15.7,0.114,94,0.681,300,0.477,0,0,0.513,5.4,3.9,12.6,0.8,7.2,0.37,0.72,6.2
John Salmons,Sac,SF,34,18,24.6,49.5,13.3,0.104,7,1,75,0.333,42,0.381,0.437,5.8,2.6,5.9,2.4,14.8,0.67,0.44,5.4
John Salmons,Tor,SG,34,60,21.1,43.2,12.7,0.112,45,0.733,175,0.354,121,0.388,0.472,5,2,5.4,1.7,12.2,0.58,0.18,4.9
Larry Sanders,Mil,C,25,23,25.2,50.7,16.6,0.123,55,0.473,161,0.472,1,0,0.478,7.7,7.2,16.3,0.8,5.4,0.78,1.74,5.6
Dennis Schroeder,Atl,PG,20,49,12.9,26.6,19.2,0.228,43,0.674,146,0.425,42,0.238,0.442,3.7,1.2,5.5,1.9,22.3,0.35,0,6.3
Luis Scola,Ind,PF,33,82,16.9,34.9,24.1,0.149,136,0.728,552,0.473,7,0.143,0.504,7.6,4.8,15.9,1,10.5,0.32,0.2,7.8
Mike Scott,Atl,PF,25,80,18.3,37.8,23.7,0.103,132,0.78,428,0.558,200,0.31,0.559,9.6,3.6,11.2,0.9,9,0.38,0.09,6.9
Thabo Sefolosha,Okc,SG,29,61,25.8,53.2,12,0.129,69,0.768,188,0.495,152,0.316,0.517,6.3,3.6,7.9,1.6,8.4,1.3,0.28,5.1
Kevin Seraphin,Was,C,24,53,10.7,21.7,21.9,0.149,31,0.871,220,0.505,0,0,0.533,4.7,2.4,13.1,0.3,5,0.06,0.49,5.6
Ramon Sessions,Cha,PG,27,55,23.5,48.2,23.6,0.141,234,0.782,397,0.441,68,0.221,0.509,10.5,2.1,5.1,3.7,26.5,0.6,0.11,7.4
Ramon Sessions,Mil,PG,27,28,32.3,65.3,21.7,0.127,170,0.841,248,0.484,56,0.357,0.585,15.8,3.1,5.5,4.8,25.3,0.57,0.11,7.6
Tornike Shengelia,Bro,SF,22,17,7.9,15.7,13.5,0.286,8,0.375,18,0.611,6,0,0.454,1.5,0.8,6.3,0.7,13.7,0.12,0,4.8
Iman Shumpert,Nyk,SG,23,74,26.3,54.3,14.2,0.133,71,0.746,256,0.418,228,0.333,0.48,6.7,4.2,9.3,1.7,9.9,1.24,0.18,5.5
Alexey Shved,Min,SG,25,63,10.4,21.3,21.2,0.148,90,0.756,135,0.341,102,0.294,0.452,4,1.3,6.8,1.1,15.2,0.41,0.25,6.9
Henry Sims,Cle,C,23,20,8.2,16.3,16.1,0.135,14,0.571,45,0.4,0,0,0.43,2.2,2.8,19.1,0.3,4.7,0.25,0.35,6
Henry Sims,Phi,C,23,26,27,54.7,18.7,0.107,107,0.766,228,0.491,1,0,0.554,11.8,7,13.9,1.8,10.8,0.88,0.5,7.8
Kyle Singler,Det,SF,25,82,28.3,58.7,14,0.104,184,0.826,356,0.492,246,0.382,0.574,9.6,3.7,7.1,0.9,4.7,0.74,0.46,4.5
Chris Singleton,Was,SF,24,25,9.8,19.2,17.3,0.181,25,0.72,47,0.383,19,0.368,0.487,3,2.2,13,0.2,3.5,0.36,0.12,4.5
Peyton Siva,Det,SG,23,24,9.1,18.7,15.9,0.221,15,0.733,32,0.344,25,0.28,0.425,2.3,0.6,3.5,1.4,21.5,0.38,0.04,5.5
Donald Sloan,Ind,SG,26,48,8,16.5,17.7,0.149,20,0.6,75,0.453,42,0.238,0.437,2.3,0.9,6.5,1,20.7,0.21,0.02,6.4
Greg Smith,Hou,C,23,11,9,17.7,15.7,0.142,5,0.4,28,0.643,0,0,0.629,3.5,2.5,15.2,0,0,0.09,0.18,0
Ishmael Smith,Pho,PG,25,70,14.2,29.4,16.1,0.179,39,0.564,257,0.459,24,0.042,0.438,3.7,1.8,7.3,2.6,26.4,0.7,0.19,7.3
J.R. Smith,Nyk,SF,28,74,32.5,67.1,21.7,0.096,138,0.652,475,0.436,480,0.394,0.527,14.5,4,7.2,3,15.2,0.88,0.27,6.9
Jason Smith,Nor,PF,27,31,26.6,54.1,18.3,0.084,50,0.78,282,0.465,0,0,0.495,9.7,5.8,12.8,0.9,5.7,0.35,0.94,5.6
Josh Smith,Det,SF,28,77,35.3,73.1,24.7,0.127,300,0.533,968,0.462,265,0.264,0.463,16.4,6.8,10.5,3.3,15.1,1.35,1.43,8.1
Tony Snell,Chi,SG,22,77,15.8,32.5,15.1,0.111,41,0.756,158,0.456,178,0.32,0.489,4.5,1.6,5.8,0.9,9.2,0.38,0.19,4.7
James Southerland,Nor,F,23,3,8.9,14.9,23.6,0.072,2,0.5,7,0.286,5,0.6,0.543,4.7,2.7,17.4,0,0,0.33,0.67,0
Marreese Speights,Gol,C,26,79,12.2,25.3,25.8,0.116,134,0.821,411,0.455,31,0.258,0.507,6.4,3.7,16.4,0.4,5.4,0.14,0.42,6.9
Tiago Splitter,San,C,29,59,21.4,44.3,17.8,0.153,173,0.699,343,0.528,3,0,0.572,8.2,6.2,16.2,1.5,10.2,0.49,0.53,7.9
Lance Stephenson,Ind,SG,23,78,35.1,72.7,19.5,0.18,197,0.711,626,0.545,244,0.352,0.564,13.8,7.2,11.4,4.6,22.2,0.69,0.09,8.8
Greg Stiemsma,Nor,C,28,55,18.1,37.2,8.2,0.244,32,0.594,121,0.579,1,0,0.584,2.9,4.1,13.2,0.7,5.1,0.64,1.04,4.5
Julyan Stone,Tor,SG,25,21,5.6,11,9.1,0.214,3,0.667,9,0.556,8,0.25,0.491,0.9,1,10,0.6,14.9,0.14,0,5.8
Amar'e Stoudemire,Nyk,C,31,65,22.4,46.1,23.6,0.123,203,0.739,558,0.557,0,0,0.596,11.9,4.9,13,0.5,4.3,0.35,0.57,5.5
Rodney Stuckey,Det,SG,27,73,26.6,55,24.4,0.113,292,0.836,765,0.455,88,0.273,0.516,13.9,2.3,4.8,2.1,12.8,0.74,0.14,6.1
Jared Sullinger,Bos,PF,21,74,27.4,56.9,24.2,0.107,203,0.778,691,0.475,208,0.269,0.497,13.3,8.1,16.8,1.6,10.2,0.47,0.66,8.1
Jeffery Taylor,Cha,SF,24,26,24,48.3,19.5,0.095,47,0.553,151,0.424,67,0.269,0.436,8,2.3,5.4,0.8,5.7,0.5,0.19,4.1
Tyshawn Taylor,Bro,PG,23,23,11.6,23.3,23.9,0.229,30,0.8,79,0.354,12,0.25,0.427,3.9,0.7,3.4,1.6,21.8,0.52,0.04,5.6
Jeff Teague,Atl,PG,25,79,32,66.1,25.9,0.161,376,0.846,815,0.469,225,0.329,0.541,16.5,2.6,4.8,6.7,35.2,1.13,0.22,8.2
Marquis Teague,Chi,SG,20,20,12,23.7,17.4,0.189,16,0.688,56,0.25,10,0.2,0.308,2.3,1,4.5,1.4,18.1,0.1,0.2,4.9
Marquis Teague,Bro,SG,20,21,9.4,18.8,19.9,0.264,19,0.789,45,0.422,8,0.375,0.505,3,1,6.4,1.4,24.4,0.38,0.05,6.9
Mirza Teletovic,Bro,SF,28,72,19.2,39.5,20.8,0.088,62,0.71,180,0.472,349,0.39,0.559,8.6,3.7,11.5,0.8,7.1,0.4,0.32,6.1
Garrett Temple,Was,SG,27,75,8.3,17,14.6,0.208,43,0.698,112,0.402,29,0.207,0.431,1.8,0.9,6.3,1,16.2,0.47,0.15,5.7
Jason Terry,Bro,PG,36,35,16.1,32.8,15.5,0.145,15,0.667,49,0.327,103,0.379,0.501,4.5,1.1,3.9,1.6,15.5,0.37,0,5
Hasheem Thabeet,Okc,C,26,23,8.2,16.6,9.2,0.357,5,0.2,23,0.565,0,0,0.536,1.2,1.7,12,0,0.7,0.17,0.39,0
Adonis Thomas,Orl,SF,20,4,5.9,9.5,18.4,0,1,1,6,0.5,3,0,0.371,1.8,0.8,7.2,0.5,13.6,0,0,6.1
Adonis Thomas,Phi,F,20,2,6.4,9.7,20,0.167,0,0,3,0.667,2,0.5,0.7,3.5,0,0,0.5,14.4,0,0,0
Isaiah Thomas,Sac,PG,24,72,34.5,71.2,26.4,0.143,407,0.85,732,0.504,364,0.349,0.574,20.3,2.9,4.8,6.3,32.5,1.29,0.11,8.3
Lance Thomas,Nor,SF,25,5,8.3,15,14,0.157,4,0.5,9,0.222,0,0,0.279,1.2,1.4,9.8,0.6,9.9,0,0,4.8
Malcolm Thomas,San,PF,25,1,14.4,22.9,18.4,0.17,2,0,4,0.25,0,0,0.205,2,9,35.2,0,0,0,2,0
Malcolm Thomas,Uta,PF,25,7,6.7,13.2,19.5,0.4,0,0,8,0.625,4,0.25,0.542,1.9,1.7,14.8,0.3,6.9,0,0.14,5.9
Hollis Thompson,Phi,SF,22,77,22.4,46.3,11.4,0.129,73,0.712,205,0.507,167,0.401,0.57,6,3.2,7.7,0.9,6.2,0.69,0.16,4.6
Jason Thompson,Sac,PF,27,82,24.3,50.2,14.5,0.145,145,0.579,496,0.506,0,0,0.523,7.1,6.4,15,0.6,4.1,0.39,0.68,5
Klay Thompson,Gol,SG,23,81,35.2,72.8,22.8,0.092,185,0.795,724,0.464,535,0.417,0.555,18.4,3.1,4.8,2.2,10.2,0.93,0.46,5.7
Tristan Thompson,Cle,PF,22,82,31.4,64.6,17.6,0.106,339,0.693,760,0.478,1,0,0.528,11.7,9.2,16.4,0.9,4.5,0.51,0.43,5.9
Marcus Thornton,Sac,SG,26,46,24.2,49.7,17.2,0.088,52,0.808,194,0.438,179,0.318,0.484,8.3,2.7,6.3,1,6.6,0.67,0.17,4.7
Marcus Thornton,Bro,SG,26,26,23.7,47.7,24.6,0.09,60,0.8,129,0.45,137,0.38,0.547,12.3,2.8,7.2,1.2,8.7,1.04,0.12,5.8
Jamaal Tinsley,Uta,PG,35,8,13.6,27,12.2,0.31,0,0,5,0.6,15,0.067,0.225,1.1,1.4,5.8,2.9,29.8,0.25,0,4.8
Anthony Tolliver,Cha,PF,28,64,20.1,41.3,12.5,0.066,41,0.805,60,0.45,247,0.413,0.605,6.1,2.6,7.4,0.7,5,0.3,0.23,4.4
P.J. Tucker,Pho,SF,28,81,30.6,63.4,14.3,0.127,201,0.776,424,0.45,191,0.387,0.54,9.4,6.5,12,1.7,8.1,1.36,0.28,6.1
Ronny Turiaf,Min,PF,31,31,19.3,39.4,10.9,0.157,50,0.42,107,0.598,0,0,0.578,4.8,5.6,15.8,0.7,5.5,0.26,1.61,5.5
Hedo Turkoglu,Lac,SF,34,38,10.1,20.9,15.3,0.12,18,0.5,59,0.339,50,0.44,0.492,3,2.3,12.9,0.9,12.2,0.5,0.26,7.3
Evan Turner,Phi,SF,25,54,34.7,71.4,24.5,0.143,228,0.829,699,0.455,132,0.288,0.504,17.4,6,9.3,3.6,17.7,1.04,0.09,8.3
Evan Turner,Ind,SF,25,27,21,43,19.4,0.142,34,0.706,167,0.401,24,0.5,0.471,7.2,3.2,8.5,2.4,18.7,0.41,0.07,7.3
Jeremy Tyler,Nyk,C,22,41,9.5,19.5,19.4,0.159,48,0.542,116,0.517,0,0,0.532,3.6,2.7,16.4,0.2,3.4,0.15,0.49,5.3
Ekpe Udoh,Mil,PF,26,42,18.9,38.7,11.5,0.188,47,0.638,143,0.399,0,0,0.44,3.4,3.5,10.7,0.7,5.8,0.36,1.05,4.3
Beno Udrih,Nyk,SG,31,31,18.7,38.1,17,0.198,24,0.833,120,0.425,40,0.425,0.507,5.6,1.8,5.8,3.5,29.3,0.71,0.1,7
Beno Udrih,Mem,SG,31,10,5.3,10.5,22.3,0.195,6,0.833,16,0.5,2,1,0.654,2.7,0.2,2.2,0.6,18.8,0.1,0.1,5.2
Jonas Valanciunas,Tor,C,21,81,28,57.4,18.6,0.147,260,0.762,675,0.532,1,0,0.579,11.3,8.8,18.3,0.7,4.3,0.3,0.88,5.9
Anderson Varejao,Cle,C,31,65,27.5,56.4,14.7,0.122,135,0.681,452,0.502,7,0,0.527,8.4,9.7,19.7,2.2,12.3,1.06,0.6,8.2
Jarvis Varnado,Phi,PF,25,23,14.4,29.1,11.9,0.108,52,0.519,60,0.6,0,0,0.597,4.3,2.7,10.3,0.6,5.8,0.43,1.26,5.3
Greivis Vasquez,Sac,PG,27,18,25.6,51.6,18.3,0.141,32,0.938,100,0.49,50,0.32,0.536,9.8,1.9,4.2,5.3,33.1,0.33,0.06,7.2
Greivis Vasquez,Tor,SG,27,61,21.3,43.6,22.4,0.157,76,0.855,269,0.442,239,0.389,0.537,9.5,2.3,6.2,3.7,29.9,0.41,0.07,8.1
Jan Vesely,Was,PF,23,33,14,27.9,12.4,0.173,30,0.267,92,0.522,0,0,0.494,3.2,3.4,14.1,0.3,3.4,0.79,0.58,4.2
Jan Vesely,Den,PF,23,21,14.4,29.5,15,0.132,26,0.423,81,0.506,0,0,0.503,4.4,3.7,13.9,0.5,5.5,1.29,0.76,5.6
Charlie Villanueva,Det,PF,29,20,8.8,18,25.5,0.067,14,0.571,36,0.583,56,0.25,0.469,4.6,1.7,10.5,0.3,5.6,0.2,0.25,6
Nikola Vucevic,Orl,C,23,57,31.6,64.5,22,0.129,137,0.766,696,0.507,0,0,0.536,14.2,11,19.7,1.8,10.3,1.05,0.82,8.3
Sasha Vujacic,Lac,SG,29,2,5.1,9.2,34.5,0.375,0,0,3,0.333,2,0.5,0.5,2.5,1.5,16.3,0,0,0.5,0,0
Dwyane Wade,Mia,SG,32,54,32.7,67.1,28,0.156,258,0.733,728,0.558,32,0.281,0.588,19,4.5,8.6,4.7,25.8,1.46,0.54,9
Dion Waiters,Cle,SG,22,70,29.4,60.4,27.1,0.123,235,0.685,743,0.455,249,0.369,0.508,15.9,2.8,5.3,3,18.5,0.9,0.24,7
Kemba Walker,Cha,PG,23,73,35.6,73.2,26,0.116,337,0.837,816,0.417,327,0.333,0.499,17.7,4.2,6.6,6.1,29.9,1.18,0.44,8.6
John Wall,Was,PG,23,82,36.1,73.9,27.5,0.163,394,0.805,1029,0.458,308,0.351,0.524,19.3,4.1,6.5,8.8,40.7,1.82,0.48,9.8
Gerald Wallace,Bos,SF,31,58,24.2,50.3,11.7,0.261,101,0.465,166,0.584,64,0.297,0.543,5.1,3.7,8.6,2.5,15.1,1.26,0.24,6
Casper Ware,Phi,PG,24,9,12.7,24.4,18.5,0.101,6,0.833,21,0.524,21,0.333,0.538,5.3,1,4.3,1.1,14.1,0.89,0,5.7
C.J. Watson,Ind,PG,29,63,18.7,38.8,16.8,0.136,88,0.784,190,0.489,145,0.366,0.554,6.6,1.6,4.8,1.7,14.6,0.95,0.13,5.6
Earl Watson,Por,PG,34,24,6.5,13.1,8.3,0.571,4,1,4,0.25,7,0.286,0.47,0.5,0.6,5.2,1.2,22.8,0.21,0.04,4.4
Martell Webster,Was,SF,27,78,27.5,56.1,14.8,0.083,125,0.84,215,0.502,372,0.392,0.591,9.7,2.9,6,1.2,6.7,0.53,0.19,4.7
David West,Ind,PF,33,80,30.7,63.7,22,0.112,251,0.789,924,0.491,15,0.267,0.533,14,6.8,12.4,2.8,16.2,0.76,0.93,8.4
Russell Westbrook,Okc,PG,25,46,30.5,62.8,34.7,0.161,293,0.826,578,0.483,214,0.318,0.545,21.8,5.7,10.6,6.9,40.7,1.91,0.15,12.5
D.J. White,Cha,PF,27,2,5.1,7.2,4.6,0,0,0,1,0,0,0,0,0,1,11.2,0,0,0.5,0,0
Deron Williams,Bro,PG,29,64,32,65.8,21.9,0.15,216,0.801,448,0.5,268,0.366,0.564,14.3,2.6,4.9,6.1,33.1,1.45,0.2,7.6
Derrick Williams,Min,PF,22,11,14.5,28.4,17.8,0.089,16,0.875,39,0.436,15,0.133,0.442,4.9,2.4,8.8,0.1,0.9,0.36,0.36,2.9
Derrick Williams,Sac,SF,22,67,24.6,50.7,16.2,0.116,243,0.708,343,0.475,84,0.286,0.534,8.5,4.4,10.2,0.8,5.1,0.66,0.24,5
Elliot Williams,Phi,SG,24,67,17.1,35.2,16.9,0.149,119,0.731,212,0.486,125,0.296,0.519,6,1.9,6.1,1.1,9.5,0.52,0.04,5.4
Louis Williams,Atl,PG,27,60,23.9,49.2,21.1,0.139,179,0.849,262,0.45,231,0.342,0.547,10.4,2.1,5,3.5,23.1,0.75,0.07,7.1
Marvin Williams,Uta,PF,27,66,25.1,52,16.9,0.087,73,0.781,292,0.503,234,0.359,0.54,9.1,5.1,11.6,1.2,7.7,0.82,0.47,6.1